"Date";"Ouverture";"Haut";"Bas";"Clôture";"Changement, %"
"2024-09-16";"7683.67";"7839.64";"7545.83";"7770.46";"0.00"
"2024-09-17";"7770.2";"7770.5";"7475.75";"7637.17";"-1.72"
"2024-09-18";"7637.17";"7840.56";"7593.51";"7779.53";"+1.86"
"2024-09-19";"7779.53";"7905.13";"7718.35";"7738.35";"-0.53"
"2024-09-20";"7738.35";"7800.22";"7607.91";"7679.43";"-0.76"
"2024-09-23";"7573.39";"7948.07";"7573.39";"7774.11";"+1.23"
"2024-09-24";"7774.34";"7927.69";"7687.98";"7867.39";"+1.20"
"2024-09-25";"7867.17";"8044.56";"7807.03";"7975.82";"+1.38"
"2024-09-26";"7975.6";"8777.75";"7975.59";"8092.76";"+1.47"
"2024-09-27";"8092.76";"8365.66";"8030.45";"8289.17";"+2.43"
"2024-09-30";"8280.51";"8280.51";"7677.81";"7720.85";"-6.86"
"2024-10-01";"7720.85";"7825.39";"7006.56";"7094.47";"-8.11"
"2024-10-02";"7094.35";"7329.71";"6928.77";"7022.42";"-1.02"
"2024-10-03";"7022.42";"7183.47";"6895.5";"7167.56";"+2.07"
"2024-10-04";"7170.67";"7170.67";"6853.43";"7055.36";"-1.57"
"2024-10-07";"7065.25";"7065.35";"6859.59";"6971.59";"-1.19"
"2024-10-08";"6971.7";"7230.95";"6952.96";"7083.55";"+1.61"
"2024-10-09";"7083.28";"7437.02";"7083.14";"7381.35";"+4.20"
"2024-10-10";"7381.19";"7555.65";"7140.4";"7504.47";"+1.67"
"2024-10-11";"7504.49";"7851.13";"7504.31";"7756.28";"+3.36"
"2024-10-14";"7760.73";"7807.88";"7557.1";"7619.8";"-1.76"
"2024-10-15";"7619.8";"8017.98";"7501.51";"7998.68";"+4.97"
"2024-10-16";"7998.74";"8161.68";"7653.29";"7678.87";"-4.00"
"2024-10-17";"7678.64";"7913";"7491.04";"7685.37";"+0.08"
"2024-10-18";"7685.37";"7850.78";"7403.13";"7427.33";"-3.36"
"2024-10-21";"7432.28";"7634.15";"7313.68";"7384.66";"-0.57"
"2024-10-22";"7384.46";"7400.88";"7017.32";"7176.34";"-2.82"
"2024-10-23";"7176.29";"7216.91";"6928.33";"6969.25";"-2.89"
"2024-10-24";"6969.08";"6999.31";"6717.3";"6732.39";"-3.40"
"2024-10-25";"6732.39";"6914.59";"6427.49";"6788.16";"+0.83"
"2024-10-28";"6795.75";"6968.97";"6719.25";"6892.04";"+1.53"
"2024-10-29";"6892.27";"7326.41";"6892.08";"7210.45";"+4.62"
"2024-10-30";"7210.27";"7403.05";"7069.57";"7349.56";"+1.93"
"2024-10-31";"7349.56";"7447.5";"7204.93";"7332.5";"-0.23"
"2024-11-01";"7332.5";"7489.19";"7250.67";"7295.28";"-0.51"
"2024-11-04";"7295.41";"7511.42";"7120.58";"7337.15";"+0.57"
"2024-11-05";"7337.04";"7412.06";"7156.51";"7220.38";"-1.59"
"2024-11-06";"7220.23";"7220.45";"6891.99";"6943.48";"-3.83"
"2024-11-07";"6943.13";"7382.23";"6937.33";"7265.35";"+4.64"
"2024-11-08";"7265.41";"7444.4";"7058.44";"7118.63";"-2.02"
"2024-11-11";"7133.55";"7391.29";"7049.35";"7364.99";"+3.46"
"2024-11-12";"7364.82";"7949.5";"7310.05";"7910.54";"+7.41"
"2024-11-13";"7909.63";"8445.55";"7876.89";"8090.94";"+2.28"
"2024-11-14";"8090.91";"8814.2";"8090.58";"8760.33";"+8.27"
"2024-11-15";"8776.46";"8891.18";"8529.96";"8613.7";"-1.67"
"2024-11-18";"8611.25";"8614.67";"8223.09";"8365.07";"-2.89"
"2024-11-19";"8365.06";"8399.26";"8246.86";"8391.26";"+0.31"
"2024-11-21";"8375.68";"8665.21";"8314.07";"8496.79";"+1.26"
"2024-11-22";"8496.79";"9100.64";"8496.79";"8707.46";"+2.48"
"2024-11-25";"8807.56";"8948.57";"8639.32";"8720.91";"+0.15"
"2024-11-26";"8721";"9024.44";"8602.86";"8927.56";"+2.37"
"2024-11-27";"8927.19";"9064.86";"8799.59";"8881.4";"-0.52"
"2024-11-28";"8881.4";"8881.46";"8881.14";"8881.22";"0.00"
"2024-11-29";"8937.79";"9261.44";"8931.48";"9097.54";"+2.44"
"2024-12-02";"9170.86";"9315.97";"9050.44";"9175.33";"+0.86"
"2024-12-03";"9175.33";"9249.44";"8628.87";"8809.41";"-3.99"
"2024-12-04";"8809.41";"9201.11";"8764.28";"9161.84";"+4.00"
"2024-12-05";"9161.84";"9728.97";"9161.84";"9593.71";"+4.71"
"2024-12-06";"9593.71";"9877.11";"9538.45";"9622.9";"+0.30"
"2024-12-09";"9623.92";"10194.83";"9551.75";"9938.9";"+3.28"
"2024-12-10";"9938.9";"10431.76";"9938.9";"10431.53";"+4.96"
"2024-12-11";"10431.12";"10431.66";"10001.59";"10251.8";"-1.72"
"2024-12-12";"10251.49";"10645.45";"10158.32";"10539.02";"+2.80"
"2024-12-13";"10539.02";"11356.37";"10539.02";"11267.52";"+6.91"
"2024-12-16";"11280.98";"11916.5";"11279.59";"11695.51";"+3.80"
"2024-12-17";"11695.54";"11974.52";"11529.17";"11920.83";"+1.93"
"2024-12-18";"11921.19";"12903.11";"11920.73";"12609.83";"+5.78"
"2024-12-19";"12609.83";"12776.88";"11641.17";"11766.61";"-6.69"
"2024-12-20";"11766.61";"12342.58";"11409.68";"11866.9";"+0.85"
"2024-12-23";"11870.77";"12041.2";"11521.91";"11560.55";"-2.58"
"2024-12-24";"11560.35";"11964.72";"11425.99";"11828.96";"+2.32"
"2024-12-25";"11828.92";"11846.13";"11828.31";"11844.45";"+0.13"
"2024-12-26";"11844.53";"11986.02";"10790.07";"10866.15";"-8.26"
"2024-12-27";"10866.15";"11249.14";"9826.57";"9868.35";"-9.18"
"2024-12-30";"9876.51";"11575.45";"9876.08";"11220.93";"+13.71"
"2024-12-31";"11220.66";"11790.07";"11146.5";"11502.94";"+2.51"
"2025-01-01";"11502.78";"11546.22";"11502.78";"11546.22";"+0.38"
"2025-01-02";"11546.28";"11723.49";"10804.14";"11205.49";"-2.95"
"2025-01-03";"11205.49";"11607.77";"11032.61";"11564.34";"+3.20"
"2025-01-06";"11569.09";"11859.86";"11068.09";"11186";"-3.27"
"2025-01-07";"11185.62";"11540.78";"11147.35";"11215.58";"+0.26"
"2025-01-08";"11215.86";"11281.45";"10341.42";"11172.7";"-0.38"
"2025-01-09";"11172.95";"11486.04";"10615.19";"10907.91";"-2.37"
"2025-01-10";"10907.91";"10978.9";"10519.33";"10562.51";"-3.17"
"2025-01-13";"10573.3";"11011.72";"10482.45";"10911.89";"+3.31"
"2025-01-14";"10911.82";"11117.87";"10760.37";"10921.76";"+0.09"
"2025-01-15";"10921.92";"11140.61";"10705.62";"10874.28";"-0.43"
"2025-01-16";"10874.3";"10901.63";"10448.81";"10464.76";"-3.77"
"2025-01-17";"10464.76";"11221.35";"10464.76";"11166.67";"+6.71"
"2025-01-20";"11170.04";"11173.73";"11169.87";"11172.55";"+0.05"
"2025-01-21";"11172.51";"11677.27";"11172.5";"11521.08";"+3.12"
"2025-01-22";"11521.18";"11775.71";"11405.66";"11661.84";"+1.22"
"2025-01-23";"11661.92";"11751.15";"11433.59";"11552.14";"-0.94"
"2025-01-24";"11552.14";"11685.7";"11345.76";"11623.44";"+0.62"
"2025-01-27";"11623.35";"11623.35";"11295.3";"11411.81";"-1.82"
"2025-01-28";"11411.12";"11456.95";"11177.11";"11390.17";"-0.19"
"2025-01-29";"11389.99";"11777.42";"11389.78";"11678.19";"+2.53"
"2025-01-30";"11678.1";"11718.82";"11049.18";"11092.43";"-5.02"
"2025-01-31";"11092.43";"11187.59";"10532.3";"10981.74";"-1.00"
"2025-02-03";"10990.25";"11321.08";"10818.68";"10977.9";"-0.03"
"2025-02-04";"10977.95";"11137.83";"10715.59";"10841.63";"-1.24"
"2025-02-05";"10841.6";"10860.48";"10427.61";"10503.73";"-3.12"
"2025-02-06";"10503.74";"10511.65";"9845.21";"9916.47";"-5.59"
"2025-02-07";"9916.47";"10348.75";"9555.43";"9766.96";"-1.51"
"2025-02-10";"9773.03";"9941.06";"9581.93";"9645.05";"-1.25"
"2025-02-11";"9645.42";"10144.32";"9645";"10107.96";"+4.80"
"2025-02-12";"10108";"10281.46";"9902.32";"10032.54";"-0.75"
"2025-02-13";"10032.64";"10479.7";"10032.57";"10341.95";"+3.08"
"2025-02-14";"10341.95";"10542.12";"10078.4";"10192.27";"-1.45"
"2025-02-17";"10200.22";"10200.84";"10199.32";"10199.32";"+0.07"
"2025-02-18";"10199.41";"10333.04";"10154.45";"10289.88";"+0.89"
"2025-02-19";"10293.89";"10341.98";"10115.6";"10138.89";"-1.47"
"2025-02-20";"10138.71";"10209.07";"10014.45";"10066.13";"-0.72"
"2025-02-21";"10066.13";"10106.43";"8926.98";"9083.64";"-9.76"
"2025-02-24";"9011.31";"9172.2";"8158.85";"8352.12";"-8.05"
"2025-02-25";"8352.02";"8587.26";"8189.37";"8535.45";"+2.20"
"2025-02-26";"8534.31";"9130.76";"8534.31";"9059.29";"+6.14"
"2025-02-27";"9059.29";"9137.39";"8722.43";"9017.34";"-0.46"
"2025-02-28";"9017.34";"9021.52";"8634.7";"8803.85";"-2.37"
"2025-03-03";"8890.78";"8890.78";"7878.82";"7894.4";"-10.33"
"2025-03-04";"7894.4";"8395.64";"7552.2";"8254.26";"+4.56"
"2025-03-05";"8476.13";"8556.22";"7767.83";"7998.77";"-3.10"
"2025-03-06";"7998.77";"8115.59";"7734.3";"8036.91";"+0.48"
"2025-03-07";"7937.67";"8468.43";"7922.3";"8057.29";"+0.25"
"2025-03-10";"7845.44";"8278.48";"7605.95";"8159.89";"+1.27"
"2025-03-11";"8159.89";"8201.07";"7861.16";"8062.93";"-1.19"
"2025-03-12";"8062.93";"8218.33";"7989.58";"8137.28";"+0.92"
"2025-03-13";"8137.28";"8418.65";"7905.72";"7925.36";"-2.60"
"2025-03-14";"7925.36";"8415";"7759.88";"7884.01";"-0.52"
"2025-03-17";"7888.65";"7985.48";"7768.91";"7866.82";"-0.22"
"2025-03-18";"7866.98";"8199.61";"7785.09";"8054.53";"+2.39"
"2025-03-19";"8054.09";"8245.32";"7881.76";"8102.62";"+0.60"
"2025-03-20";"8102.26";"8346.2";"7920.62";"8045.87";"-0.70"
"2025-03-21";"8045.65";"8144.4";"7634.42";"7834.27";"-2.63"
"2025-03-24";"7837.5";"8163.83";"7815.05";"8059.37";"+2.87"
"2025-03-25";"8059.19";"8141.1";"7908.61";"8024.76";"-0.43"
"2025-03-26";"8024.42";"8190.09";"7945.03";"7989.48";"-0.44"
"2025-03-27";"7989.53";"8222.36";"7901.6";"7928.96";"-0.76"
"2025-03-28";"7929";"8102.05";"7886.76";"8007.24";"+0.99"
"2025-03-31";"8047.8";"8111.08";"7819.99";"7974.47";"-0.41"
"2025-04-01";"7974.35";"8424.82";"7970.52";"8330.21";"+4.46"
"2025-04-02";"8330.09";"9028.16";"8325.5";"8901.11";"+6.85"
"2025-04-03";"8901.28";"9487.9";"8898.52";"9238.45";"+3.79"
"2025-04-04";"9238.61";"9288.26";"8461.39";"8499.6";"-8.00"
"2025-04-07";"8501.58";"8720.07";"7966.69";"7966.9";"-6.27"
"2025-04-08";"7966.77";"8133.51";"7673.34";"7767.13";"-2.51"
"2025-04-09";"7766.93";"8488.05";"7709.34";"8379.86";"+7.89"
"2025-04-10";"8380";"8537.18";"8059.99";"8136.39";"-2.91"
"2025-04-11";"8136.39";"8536.13";"8081.49";"8471.57";"+4.12"
"2025-04-14";"8481.8";"8617.92";"8183.17";"8323.11";"-1.75"
"2025-04-15";"8323.4";"8350.65";"7957.16";"7981.99";"-4.10"
"2025-04-16";"7981.81";"8176.02";"7848.73";"8072.09";"+1.13"
"2025-04-17";"8072.29";"8540.54";"8071.5";"8356.84";"+3.53"
"2025-04-18";"8339.79";"8340.1";"8338.59";"8339.42";"-0.21"
"2025-04-21";"8339.77";"8965.2";"8339.08";"8747.17";"+4.89"
"2025-04-22";"8747.23";"9331.44";"8679.56";"9244.32";"+5.68"
"2025-04-23";"9244.48";"9498.1";"8864.9";"9144.75";"-1.08"
"2025-04-24";"9144.55";"9433.53";"8771.71";"9303.78";"+1.74"
"2025-04-25";"9303.78";"9610.69";"9238.4";"9403.59";"+1.07"
"2025-04-28";"9392.93";"9392.93";"8908.81";"9033.01";"-3.94"
"2025-04-29";"9033.26";"9453.15";"8843.35";"8942.85";"-1.00"
"2025-04-30";"8942.81";"9343.92";"8390.76";"8990.71";"+0.54"
"2025-05-01";"8990.87";"8990.87";"8595.23";"8768.72";"-2.47"
"2025-05-02";"8768.72";"9155.18";"8618.1";"8930.54";"+1.85"
"2025-05-05";"8779.49";"8890.68";"8446.9";"8654.67";"-3.09"
"2025-05-06";"8654.67";"9080.71";"8525.11";"8862.71";"+2.40"
"2025-05-07";"8862.67";"9293.21";"8830.26";"9196.17";"+3.76"
"2025-05-08";"9196.28";"9285.75";"8800.08";"9129.29";"-0.73"
"2025-05-09";"9129.29";"9411.1";"8987.84";"9184.5";"+0.60"
"2025-05-12";"9156.5";"9366.41";"8961.85";"9311.42";"+1.38"
"2025-05-13";"9311.57";"10013";"9138.23";"9899.61";"+6.32"
"2025-05-14";"9899.41";"9997.24";"9689";"9891.39";"-0.08"
"2025-05-15";"9891.16";"10663.9";"9655.46";"10564.15";"+6.80"
"2025-05-16";"10564.15";"11055.67";"10304.64";"10931.77";"+3.48"
"2025-05-19";"10699.54";"10984.66";"10415.12";"10905.87";"-0.24"
"2025-05-20";"10906.85";"11280.08";"10750.63";"10911.2";"+0.05"
"2025-05-21";"10910.64";"10946.21";"10412.91";"10675.93";"-2.16"
"2025-05-22";"10675.46";"10691.74";"10145.07";"10279.84";"-3.71"
"2025-05-23";"10279.84";"10407.31";"9646.08";"9815.45";"-4.52"
"2025-05-26";"9864.75";"9864.85";"9815.45";"9864.77";"+0.50"
"2025-05-27";"9864.94";"10153.45";"9707.88";"9770.78";"-0.95"
"2025-05-28";"9770.81";"9801.76";"9411.28";"9654.01";"-1.20"
"2025-05-29";"9653.89";"9682.71";"9055.63";"9166.85";"-5.05"
"2025-05-30";"9166.85";"9793.11";"9165.78";"9761.83";"+6.49"
"2025-06-02";"9757.9";"10068.05";"9409.55";"9483.52";"-2.85"
"2025-06-03";"9483.54";"9871.37";"9351.28";"9754.65";"+2.86"
"2025-06-04";"9754.62";"9984.32";"9555.04";"9804.59";"+0.51"
"2025-06-05";"9804.45";"10189.33";"9765.42";"10107.73";"+3.09"
"2025-06-06";"10107.73";"10516.05";"10019.93";"10173.67";"+0.65"
"2025-06-09";"10177.48";"10255.49";"9926.95";"10208.03";"+0.34"
"2025-06-10";"10207.88";"10248.91";"9495.5";"9570.45";"-6.25"
"2025-06-11";"9570.15";"9621.55";"9313.42";"9580.43";"+0.10"
"2025-06-12";"9580.44";"9875.87";"9505.7";"9800.86";"+2.30"
"2025-06-13";"9800.86";"9868.7";"9710.23";"9790.47";"-0.11"
"2025-06-16";"9795.59";"10108.6";"9605.61";"10099.52";"+3.16"
"2025-06-17";"10099.43";"10279.54";"9912.4";"9940.39";"-1.58"
"2025-06-18";"9940.55";"9996.38";"9568.13";"9609.11";"-3.33"
"2025-06-19";"9609.11";"9618.89";"9609.11";"9617.47";"+0.09"
"2025-06-20";"9617.47";"9618.65";"8314.97";"8637.47";"-10.19"
"2025-06-23";"8869.08";"9174.66";"8349.42";"8553.86";"-0.97"
"2025-06-24";"8553.56";"9415.13";"8553.55";"9179.65";"+7.32"
"2025-06-25";"9178.75";"9410.9";"8857.46";"8879.38";"-3.27"
"2025-06-26";"8879.3";"9171.6";"8879";"9146.71";"+3.01"
"2025-06-27";"9146.71";"9460.77";"8999.25";"9446.27";"+3.28"
"2025-06-30";"9366.4";"9428.68";"8999.47";"9161.21";"-3.02"
"2025-07-01";"9161.21";"9168.01";"8564.49";"8740.96";"-4.59"
"2025-07-02";"8741.07";"8741.33";"8097.28";"8156.83";"-6.68"
"2025-07-03";"8156.9";"9050.57";"7792.7";"7949.69";"-2.54"
"2025-07-04";"7949.69";"7949.69";"7949.69";"7949.69";"0.00"
"2025-07-07";"7967.76";"8210.54";"7783.17";"8179.52";"+2.89"
"2025-07-08";"8179.52";"8373.23";"7894.05";"7984.23";"-2.39"
"2025-07-09";"7984.23";"9067.51";"7969.46";"8228.38";"+3.06"
"2025-07-10";"8228.29";"8321.31";"7921.05";"7938.44";"-3.52"
"2025-07-11";"7938.44";"8742";"7892.34";"7990.3";"+0.65"
"2025-07-14";"8840";"8840";"8217.82";"8273.45";"+3.54"
"2025-07-15";"8273.46";"8287";"7784.11";"7787.31";"-5.88"
"2025-07-16";"7787.21";"7869.86";"7586.64";"7646.31";"-1.81"
"2025-07-17";"7646.48";"7651.61";"7217.52";"7349";"-3.89"
"2025-07-18";"7349";"7824.89";"7349";"7696.71";"+4.73"
"2025-07-21";"7800";"8215.82";"7715.18";"8055.32";"+4.66"
"2025-07-22";"8055.43";"8244.14";"8014.35";"8129.33";"+0.92"
"2025-07-23";"8129.31";"8471.65";"8090.81";"8450.48";"+3.95"
"2025-07-24";"8450.69";"8543.87";"8074.71";"8232";"-2.59"
"2025-07-25";"8232";"8354.82";"8095.87";"8333.67";"+1.24"
"2025-07-28";"8337.77";"8594.19";"8124.11";"8575.4";"+2.90"
"2025-07-29";"8575.46";"8717.92";"8206.8";"8342.77";"-2.71"
"2025-07-30";"8342.68";"8508.57";"8148.06";"8212.24";"-1.56"
"2025-07-31";"8212.35";"8546.91";"8179.58";"8455.68";"+2.96"
"2025-08-01";"8455.88";"8540.75";"8148.05";"8211.23";"-2.89"
"2025-08-04";"8227.43";"8227.43";"7909.67";"8180.46";"-0.37"
"2025-08-05";"8180.23";"8419.84";"7994.55";"8369.26";"+2.31"
"2025-08-06";"8369.43";"8490.37";"8291.07";"8461.66";"+1.10"
"2025-08-07";"8461.66";"8741";"8357.13";"8627.16";"+1.96"
"2025-08-08";"8627.22";"8807.79";"8490.27";"8650.3";"+0.27"
"2025-08-11";"8526";"9321.26";"8526";"8731.54";"+0.94"
"2025-08-12";"8731.61";"9046.14";"8646.01";"8725.09";"-0.07"
"2025-08-13";"8725.57";"8865.4";"8455.36";"8596.47";"-1.47"
"2025-08-14";"8596.4";"8596.57";"8156.18";"8220.21";"-4.38"
"2025-08-15";"8220.28";"8320.17";"8115.57";"8228.25";"+0.10"
"2025-08-18";"8235";"8392.92";"7991.56";"8079.96";"-1.80"
"2025-08-19";"8079.85";"8194.04";"7898.26";"8006.69";"-0.91"
"2025-08-20";"8006.7";"8049.14";"7573.84";"7753.02";"-3.17"
"2025-08-21";"7752.94";"7769.47";"7401.1";"7463.2";"-3.74"
"2025-08-22";"7463.39";"7740.22";"7272.86";"7624.91";"+2.17"
"2025-08-25";"7582";"7939.19";"7491.21";"7831.59";"+2.71"
"2025-08-26";"7831.59";"7832";"7381.69";"7411.68";"-5.36"
"2025-08-27";"7411.56";"7699.93";"7411.32";"7612.05";"+2.70"
"2025-08-28";"7613.62";"7748.92";"7481.21";"7536.52";"-0.99"
"2025-08-29";"7536.52";"7738";"7408.72";"7523.47";"-0.17"
"2025-09-01";"7635";"7635";"7635";"7635";"+1.48"
"2025-09-02";"7635";"7635";"7109.79";"7357.86";"-3.63"
"2025-09-03";"7357.86";"7538.09";"7257.64";"7463.07";"+1.43"
"2025-09-04";"7463.07";"7475";"7158.45";"7177.08";"-3.83"
"2025-09-05";"7177.08";"7291.71";"7125.47";"7237.64";"+0.84"
"2025-09-08";"7382";"7382";"6927.7";"6966.86";"-3.74"
"2025-09-09";"6966.86";"7305.83";"6890.36";"7081.42";"+1.64"
"2025-09-10";"7081.42";"7379.94";"7020.72";"7303.57";"+3.14"
"2025-09-11";"7303.57";"7472.55";"7072.66";"7308.53";"+0.07"
"2025-09-12";"7308.53";"7323.48";"7104.02";"7197.94";"-1.51"
"2025-09-15";"7420";"7683.26";"7387.65";"7612.27";"+5.76"
"2025-09-16";"7612.39";"7644";"7346.85";"7366.22";"-3.23"
"2025-09-17";"7366.27";"7456.81";"7323.54";"7350.67";"-0.21"
"2025-09-18";"7350.47";"7385";"7211.87";"7224.39";"-1.72"
"2025-09-19";"7224.26";"7290.43";"7199.4";"7211.26";"-0.18"
"2025-09-22";"7243";"7243";"6917.07";"6953.18";"-3.58"
"2025-09-23";"6953.47";"7080.06";"6836.52";"6999.07";"+0.66"
"2025-09-24";"6999.16";"7142.23";"6960.8";"7029.61";"+0.44"
"2025-09-25";"7029.07";"7130.09";"6866.54";"6926.44";"-1.47"
"2025-09-26";"6926.34";"6965.85";"6853.5";"6936.63";"+0.15"
"2025-09-29";"6936.63";"7078.16";"6921.19";"6946.78";"+0.15"
"2025-09-30";"6946.65";"6959.47";"6684.18";"6706.45";"-3.46"
"2025-10-01";"6706.41";"6819.82";"6662.47";"6683.53";"-0.34"
"2025-10-02";"6683.33";"6704.82";"6425.49";"6443";"-3.60"
"2025-10-03";"6443";"6481";"6156.64";"6190";"-3.93"
"2025-10-06";"6190";"6380.06";"6027.41";"6272.11";"+1.33"
"2025-10-07";"6275.6";"6307.25";"6067.52";"6143.31";"-2.05"
"2025-10-08";"6143.33";"6232.38";"5920.23";"5955.81";"-3.05"
"2025-10-09";"5956.39";"6077.05";"5890.43";"5935.19";"-0.35"
"2025-10-10";"5943";"6011.39";"5815.1";"5848";"-1.47"
"2025-10-13";"5848";"5945.44";"5631.3";"5829.26";"-0.32"
"2025-10-14";"5829.11";"5904.81";"5714.96";"5882.81";"+0.92"
"2025-10-15";"5882.93";"5939.07";"5691.94";"5861.91";"-0.36"
"2025-10-16";"5864.37";"6049.55";"5809";"5994.15";"+2.26"
"2025-10-17";"5996";"6114.7";"5745.37";"5895";"-1.65"
"2025-10-20";"5895";"5995.66";"5814.6";"5939.24";"+0.75"
"2025-10-21";"5940.51";"6033.21";"5878.51";"5945.52";"+0.11"
"2025-10-22";"5943.38";"6332.77";"5942.6";"6318.65";"+6.28"
"2025-10-23";"6322.37";"6432.83";"6211.44";"6383.68";"+1.03"
"2025-10-24";"6389";"6470.48";"6259.05";"6319";"-1.01"
"2025-10-27";"6319";"6319";"6056.77";"6193.09";"-1.99"
"2025-10-28";"6193.19";"6193.55";"5956.87";"6000.17";"-3.12"
"2025-10-29";"6000.29";"6140.83";"5890.71";"6043.94";"+0.73"
"2025-10-30";"6044.47";"6087.52";"5920.41";"6070.25";"+0.44"
"2025-10-31";"6073";"6354.53";"6058";"6151";"+1.33"
"2025-11-03";"6151";"6593.63";"6114.84";"6548.44";"+6.46"
"2025-11-04";"6547.36";"6619.03";"6413.66";"6582.29";"+0.52"
"2025-11-05";"6585.42";"6622.43";"6327.98";"6333.27";"-3.78"
"2025-11-06";"6333.56";"6334.46";"6128.7";"6181.05";"-2.40"
"2025-11-07";"6186";"6200.2";"5993.83";"6013";"-2.72"
"2025-11-10";"6013";"6132.76";"5903.03";"6078.29";"+1.09"
"2025-11-11";"6078.45";"6095.32";"5740.44";"5786.67";"-4.80"
"2025-11-12";"5786.58";"5946.88";"5568.64";"5608.8";"-3.07"
"2025-11-13";"5608.65";"5662.97";"5398.32";"5428.38";"-3.22"
"2025-11-14";"5428";"5487";"5144.53";"5287";"-2.60"
"2025-11-17";"5287";"5372.3";"5153.5";"5229.04";"-1.10"
"2025-11-18";"5229.12";"5334.83";"5116.1";"5233.55";"+0.09"
"2025-11-19";"5236.43";"5262";"4904.2";"4938.26";"-5.64"
"2025-11-20";"4938.35";"5237.24";"4931.75";"5101.6";"+3.31"
"2025-11-21";"5061";"5130.71";"4971.47";"5084";"-0.34"
"2025-11-24";"5084";"5084";"4843.59";"5017.42";"-1.31"
"2025-11-25";"5035.24";"5090";"4752.88";"4934.48";"-1.65"
"2025-11-27";"4976.26";"5068.5";"4976.15";"5068.24";"+2.71"
"2025-11-28";"5068.24";"5404";"5044.12";"5404";"+6.62"
"2025-12-01";"5404";"5502.61";"5260.59";"5354.67";"-0.91"
"2025-12-02";"5359.52";"5421.92";"5298.7";"5401.69";"+0.88"
"2025-12-03";"5401.69";"5402.97";"5261.58";"5402.92";"+0.02"
"2025-12-04";"5402.92";"5501.77";"5288.57";"5325.59";"-1.43"
"2025-12-05";"5325.58";"5643";"5296.3";"5643";"+5.96"
"2025-12-08";"5643";"5658.07";"5449.48";"5527.28";"-2.05"
"2025-12-09";"5529.52";"5786.04";"5529.17";"5704.9";"+3.21"
"2025-12-10";"5701.61";"6116.23";"5701.61";"6042.78";"+5.92"
"2025-12-11";"6042.78";"6289.13";"5999.9";"6161.47";"+1.96"
"2025-12-12";"6161.47";"6266.3";"6010.12";"6226";"+1.05"
"2025-12-15";"6226";"6279";"5833.68";"5877.78";"-5.59"
"2025-12-16";"5878.04";"6042.56";"5875.43";"5997.89";"+2.04"
"2025-12-17";"5998.45";"6082.13";"5951.28";"5956.06";"-0.70"
"2025-12-18";"5956.06";"6012.17";"5825.01";"5923.08";"-0.55"
"2025-12-19";"5928";"5982.42";"5790.74";"5845";"-1.32"
"2025-12-22";"5845";"6015.12";"5759.62";"5878.73";"+0.58"
"2025-12-23";"5879.38";"5981.54";"5776.9";"5938.85";"+1.02"
"2025-12-24";"5938.83";"5993.95";"5872.41";"5976.26";"+0.63"
"2025-12-25";"5976.08";"5984.26";"5976.08";"5983.22";"+0.12"
"2025-12-26";"5983.22";"6054.76";"5867.21";"5953";"-0.51"
"2025-12-29";"5945.57";"6342.55";"5905.59";"6249.68";"+4.98"
"2025-12-30";"6249.86";"6322.88";"5870.66";"6088.09";"-2.59"
"2025-12-31";"6088.58";"6166.78";"5993.19";"6043";"-0.74"
"2026-01-01";"6043.32";"6045";"6043.05";"6043.1";"0.00"
"2026-01-02";"6043.1";"6068.04";"5824.69";"5871";"-2.85"
"2026-01-05";"5893.44";"6087.83";"5841.81";"6073.77";"+3.45"
"2026-01-06";"6073.64";"6135.68";"5945.85";"5989.29";"-1.39"
"2026-01-07";"5989.24";"6077.57";"5793.28";"5934.79";"-0.91"
"2026-01-08";"5934.88";"6271.46";"5900.78";"5984.78";"+0.84"
"2026-01-09";"5984.78";"6077";"5297.64";"5345";"-10.69"
"2026-01-12";"5345";"5449.8";"5190.65";"5402.28";"+1.07"
"2026-01-13";"5402.49";"5486.37";"5051.98";"5212.27";"-3.52"
"2026-01-14";"5212.35";"5261.59";"4961.92";"5078.07";"-2.57"
"2026-01-15";"5078.36";"5090";"4857.75";"4981.4";"-1.90"
"2026-01-16";"4979";"5186.61";"4966";"5077.56";"+1.93"
"2026-01-19";"5077.76";"5091.95";"5074.17";"5089.58";"+0.24"
"2026-01-20";"5090.36";"5090.77";"4583.73";"4651.44";"-8.61"
"2026-01-21";"4651.77";"4654.9";"4243.42";"4449.83";"-4.33"
"2026-01-22";"4449.96";"4494.01";"4389.17";"4447.16";"-0.06"
"2026-01-23";"4449.84";"4470.69";"4063.68";"4202.27";"-5.51"
"2026-01-26";"4202.77";"4484.98";"4200.59";"4322.79";"+2.87"
"2026-01-27";"4322.55";"4486.11";"4274.2";"4418.36";"+2.21"
"2026-01-28";"4420.52";"4435.16";"4069.47";"4143.74";"-6.22"
"2026-01-29";"4144.85";"4241.33";"4103.58";"4229.77";"+2.08"
"2026-01-30";"4231.41";"4232.03";"3943.99";"4164.34";"-1.55"
"2026-02-02";"4166.39";"4252.13";"3949.5";"4215.83";"+1.24"
"2026-02-03";"4217.63";"4395.97";"4207.69";"4264.89";"+1.16"
"2026-02-04";"4264.35";"4306.91";"4023.16";"4038.92";"-5.30"
"2026-02-05";"4038.8";"4238.74";"4035.05";"4184.05";"+3.59"
"2026-02-06";"4183.85";"4250.24";"4075.57";"4198.25";"+0.34"
"2026-02-09";"4196.07";"4237.3";"3962.06";"3980.73";"-5.18"
"2026-02-10";"3980.74";"4103.97";"3774.28";"3778.93";"-5.07"
"2026-02-11";"3781.03";"3867.33";"3743.7";"3763.24";"-0.42"
"2026-02-12";"3763.47";"3857.06";"3693.64";"3700.66";"-1.66"
"2026-02-13";"3700.33";"3764.93";"3648.65";"3674.14";"-0.72"
"2026-02-16";"3674.01";"3685.01";"3672.4";"3684.53";"+0.28"
"2026-02-17";"3683";"3685.05";"3444.36";"3499.76";"-5.01"
"2026-02-18";"3499.91";"3500.6";"3190.84";"3331.13";"-4.82"
"2026-02-19";"3331.28";"3333.87";"3049.55";"3077.57";"-7.61"
"2026-02-20";"3040.02";"3224.21";"3037.86";"3179.51";"+3.31"
"2026-02-23";"3183.51";"3287.39";"3091.03";"3144";"-1.12"
"2026-02-24";"3145.24";"3148.08";"2952.24";"3089.06";"-1.75"
"2026-02-25";"3089.28";"3168.86";"3040.18";"3055.54";"-1.09"
"2026-02-26";"3057.67";"3138.8";"3009.89";"3060.25";"+0.15"
"2026-02-27";"3059.1";"3060.79";"2868.39";"2887.56";"-5.64"
"2026-03-02";"2889.02";"3030.12";"2846.83";"2986.46";"+3.43"
"2026-03-03";"2986.18";"3052.75";"2890.78";"3019.51";"+1.11"
"2026-03-04";"3019.37";"3096.06";"3005.48";"3026.33";"+0.23"
"2026-03-05";"3026.3";"3071.73";"2968.05";"3026.77";"+0.01"
"2026-03-06";"3025.74";"3247.96";"3022.04";"3231.5";"+6.76"
"2026-03-09";"3229.21";"3331.13";"3184.57";"3318.39";"+2.69"
"2026-03-10";"3320.66";"3450.7";"3287.81";"3425.53";"+3.23"
"2026-03-11";"3425.14";"3471.81";"3385.37";"3430.01";"+0.13"
"2026-03-12";"3429.17";"3430.89";"3235.16";"3335.87";"-2.74"
"2026-03-13";"3335.5";"3389.06";"3271.52";"3296.56";"-1.18"
"2026-03-16";"3296.32";"3440.31";"3179.87";"3390.58";"+2.85"
"2026-03-17";"3388.68";"3420.73";"3322.71";"3324.79";"-1.94"
"2026-03-18";"3325.18";"3384.28";"3230.43";"3234.5";"-2.72"
"2026-03-19";"3235.5";"3349.9";"3192.01";"3346.22";"+3.45"
"2026-03-20";"3348.63";"3348.95";"3172.83";"3255.89";"-2.70"
"2026-03-23";"3254.58";"3332.58";"3165.36";"3170.88";"-2.61"
"2026-03-24";"3172.78";"3247.36";"3169.64";"3231.55";"+1.91"
"2026-03-25";"3229.3";"3236.59";"3121.31";"3135.45";"-2.97"
"2026-03-26";"3135.61";"3192.9";"3079.91";"3161.37";"+0.83"
"2026-03-27";"3161.8";"3203.27";"3112.05";"3164.75";"+0.11"
"2026-03-30";"3166.3";"3176.04";"3105.24";"3127.97";"-1.16"
"2026-03-31";"3127.51";"3331.7";"3126.48";"3270.87";"+4.57"
"2026-04-01";"3271.55";"3377.6";"3250.85";"3366.7";"+2.93"
"2026-04-02";"3368.68";"3368.8";"3196.85";"3249.31";"-3.49"
"2026-04-03";"3251.33";"3252.19";"3248.37";"3251.66";"+0.07"
"2026-04-06";"3251.52";"3296.6";"3215.35";"3221.76";"-0.92"
"2026-04-07";"3223.64";"3236.56";"2989.77";"3001.02";"-6.85"
"2026-04-08";"2999.78";"3236.42";"2998.83";"3176.5";"+5.85"
"2026-04-09";"3176.44";"3204.46";"3099.49";"3179.24";"+0.09"
"2026-04-10";"3179.01";"3258.06";"3163.15";"3242";"+1.97"
