Date;Ouverture;Haut;Bas;Clôture;Changement, %
2018-06-07;76;77.25;75.81;77.18;0.00
2018-06-08;77.38;77.44;76.02;76.28;-1.17
2018-06-11;76.23;76.69;75.42;76.28;0.00
2018-06-12;76.37;76.92;75.35;75.35;-1.22
2018-06-13;75.26;76.71;75.12;76.34;+1.31
2018-06-14;76.41;76.72;75.56;75.75;-0.77
2018-06-15;75.75;75.84;72.84;72.88;-3.79
2018-06-18;72.87;75.17;72.22;75.06;+2.99
2018-06-19;74.94;75.17;74.12;74.64;-0.56
2018-06-20;74.86;75.44;73.81;73.88;-1.02
2018-06-21;74.16;74.34;72.74;72.86;-1.38
2018-06-22;73.08;75.56;73.08;75.55;+3.69
2018-06-25;74.06;74.96;73.59;74.73;-1.09
2018-06-26;74.66;76.53;73.95;76.43;+2.27
2018-06-27;76.41;77.98;76.11;77.19;+0.99
2018-06-28;77.25;78.15;77.05;77.44;+0.32
2018-06-29;77.48;79.5;77.13;79.17;+2.23
2018-07-02;78.4;78.88;77.11;77.33;-2.32
2018-07-03;77.37;78.44;76.57;77.75;+0.54
2018-07-04;77.74;78.12;77.53;77.96;+0.27
2018-07-05;77.91;78.38;77.23;77.47;-0.63
2018-07-06;77.53;77.56;76.28;77.06;-0.53
2018-07-09;77;78.22;76.97;78.11;+1.36
2018-07-10;78.19;79.39;78.04;78.91;+1.02
2018-07-11;78.62;78.62;73.02;74.1;-6.10
2018-07-12;73.86;75.06;72.7;74.45;+0.47
2018-07-13;74.23;75.87;73.26;74.84;+0.52
2018-07-16;75;75.3;71.53;71.97;-3.83
2018-07-17;71.97;72.81;71.35;71.72;-0.35
2018-07-18;71.81;73.33;71.3;73.09;+1.91
2018-07-19;72.97;73.81;71.9;72.65;-0.60
2018-07-20;72.76;73.51;72.37;73.06;+0.56
2018-07-23;73.29;74.59;72.75;73.27;+0.29
2018-07-24;73.31;74.34;72.98;74.01;+1.01
2018-07-25;74.15;74.69;73.47;74.49;+0.65
2018-07-26;74.98;75.3;74.32;74.96;+0.63
2018-07-27;75.07;75.4;74.37;74.88;-0.11
2018-07-30;74.86;75.81;74.66;75.51;+0.84
2018-07-31;75.53;75.65;73.88;74.1;-1.87
2018-08-01;74;74.11;72.22;72.66;-1.94
2018-08-02;72.51;73.78;71.91;73.44;+1.07
2018-08-03;73.42;73.8;72.56;73.41;-0.04
2018-08-06;73.28;74.56;73.27;73.75;+0.46
2018-08-07;73.73;75.03;73.69;74.62;+1.18
2018-08-08;74.74;75;71.83;72.39;-2.99
2018-08-09;72.37;73.02;72.03;72.1;-0.40
2018-08-10;72.15;73.28;71.57;73.09;+1.37
2018-08-13;73.04;73.24;71.2;72.97;-0.16
2018-08-14;73.01;74.11;72.35;72.39;-0.79
2018-08-15;72.42;72.65;70.53;70.97;-1.96
2018-08-16;70.88;71.71;70.64;71.57;+0.85
2018-08-17;71.6;72.68;71.46;71.97;+0.56
2018-08-20;71.88;72.91;71.6;72.46;+0.68
2018-08-21;72.47;73.19;72.31;73.03;+0.79
2018-08-22;73;75.25;72.92;75.16;+2.92
2018-08-23;75.06;75.14;74.54;75.09;-0.09
2018-08-24;75.11;76.69;75.02;75.94;+1.13
2018-08-27;76.02;76.63;75.69;76.6;+0.87
2018-08-28;76.64;77.24;76.06;76.25;-0.46
2018-08-29;76.43;77.75;76.01;77.68;+1.88
2018-08-30;77.63;78.3;77.5;77.76;+0.10
2018-08-31;77.73;78.19;77.22;77.71;-0.06
2018-09-03;77.69;78.4;77.27;78.13;+0.54
2018-09-04;78.05;79.64;77.41;77.73;-0.51
2018-09-05;77.78;78.03;76.84;77.03;-0.90
2018-09-06;76.87;77.63;75.54;76.47;-0.73
2018-09-07;76.53;76.95;75.75;76.86;+0.51
2018-09-10;77.05;77.76;76.75;77.17;+0.40
2018-09-11;77.16;79.28;77.15;79.14;+2.55
2018-09-12;79.07;79.85;78.5;79.49;+0.44
2018-09-13;79.4;79.42;77.63;78.13;-1.71
2018-09-14;78.19;78.62;77.12;77.81;-0.41
2018-09-17;77.68;78.56;77.41;77.6;-0.27
2018-09-18;77.39;79.33;77.15;78.5;+1.16
2018-09-19;78.55;79.1;78.09;79.01;+0.65
2018-09-20;79.04;79.4;78.13;78.21;-1.01
2018-09-21;78.22;79.62;77.75;78.2;-0.01
2018-09-24;79.35;80.83;79.1;80.77;+3.29
2018-09-25;80.65;81.81;80.48;80.91;+0.17
2018-09-26;80.88;81.54;80.5;81.14;+0.28
2018-09-27;81.2;81.85;80.81;81.34;+0.25
2018-09-28;81.38;83.32;81.24;82.81;+1.81
2018-10-01;82.96;85.35;82.47;84.91;+2.54
2018-10-02;84.88;85.27;84.23;84.61;-0.35
2018-10-03;84.67;86.62;83.91;85.87;+1.49
2018-10-04;85.81;86.28;84.03;84.73;-1.33
2018-10-05;84.8;84.98;83.81;83.91;-0.97
2018-10-08;83.33;83.85;82.53;83.67;-0.29
2018-10-09;83.83;85.22;83.58;84.65;+1.17
2018-10-10;84.71;84.94;82.11;82.26;-2.82
2018-10-11;82.35;82.41;79.61;80.08;-2.65
2018-10-12;80.06;81.25;79.04;80.28;+0.25
2018-10-15;81.55;81.62;79.65;80.59;+0.39
2018-10-16;80.71;81.51;79.62;81.4;+1.01
2018-10-17;81.48;81.58;79;80;-1.72
2018-10-18;79.87;80;78.38;78.91;-1.36
2018-10-19;78.97;80.41;78.79;79.59;+0.86
2018-10-22;79.43;79.95;78.65;79.78;+0.24
2018-10-23;79.75;79.76;75.71;75.96;-4.79
2018-10-24;76.03;77.44;75.18;75.67;-0.38
2018-10-25;75.62;77.09;75.41;76.57;+1.19
2018-10-26;76.52;77.94;75.81;77.69;+1.46
2018-10-29;77.75;78;76.59;76.86;-1.07
2018-10-30;76.78;77.34;75.28;76.27;-0.77
2018-10-31;76.31;77.11;74.59;74.63;-2.15
2018-11-01;74.69;74.97;72.59;72.78;-2.48
2018-11-02;72.75;73.5;72.19;72.58;-0.27
2018-11-05;72.65;74.1;72.27;72.66;+0.11
2018-11-06;72.9;73.28;71.2;71.69;-1.33
2018-11-07;71.78;73.56;71.38;72.03;+0.47
2018-11-08;72.19;73.09;70.67;71.02;-1.40
2018-11-09;70.92;71.08;69.27;69.73;-1.82
2018-11-12;71.12;71.94;69.03;69.22;-0.73
2018-11-13;69.44;69.84;64.84;65.37;-5.56
2018-11-14;65.75;67.82;65.22;66.11;+1.13
2018-11-15;66.33;67.53;65.97;66.84;+1.10
2018-11-16;67.02;68.52;66.31;67.16;+0.48
2018-11-19;67.45;67.81;65.49;67.13;-0.04
2018-11-20;66.98;67.08;62;62.62;-6.72
2018-11-21;62.84;64.75;62.84;63.77;+1.84
2018-11-22;63.86;64.05;62.57;63.1;-1.05
2018-11-23;62.84;63.04;58.68;59.08;-6.37
2018-11-26;59.57;61.21;59.14;60.64;+2.64
2018-11-27;60.47;61.5;59.11;61;+0.59
2018-11-28;60.75;61.42;58.89;59.08;-3.15
2018-11-29;59.66;60.73;57.84;59.72;+1.08
2018-11-30;59.93;60.43;58.08;59.16;-0.94
2018-12-03;61.12;62.61;60.62;61.86;+4.56
2018-12-04;61.73;63.62;61.31;61.42;-0.71
2018-12-05;61.58;63.33;60.86;61.67;+0.41
2018-12-06;61.5;62.04;58.53;60.37;-2.11
2018-12-07;59.98;63.79;59.23;61.39;+1.69
2018-12-10;62.06;62.42;59.69;59.95;-2.35
2018-12-11;60.19;61.18;59.66;60.59;+1.07
2018-12-12;60.91;61.5;60.06;60.3;-0.48
2018-12-13;60.47;62.09;59.44;61.75;+2.40
2018-12-14;61.48;61.63;60.01;60.39;-2.20
2018-12-17;60.52;61.22;58.7;58.78;-2.67
2018-12-18;59.24;59.25;55.88;55.98;-4.76
2018-12-19;56.66;58.09;56.1;56.69;+1.27
2018-12-20;56.87;56.91;54.56;54.98;-3.02
2018-12-21;55.38;55.56;53.06;53.75;-2.24
2018-12-24;53.86;54.89;50.72;50.8;-5.49
2018-12-26;50.61;55.58;50.41;55.28;+8.82
2018-12-27;54.78;54.95;52.54;53.59;-3.06
2018-12-28;54.05;54.45;52.05;53.09;-0.93
2018-12-31;53.53;54.86;52.7;53.65;+1.05
2019-01-02;53.44;53.44;52.96;53.3;-0.65
2019-01-03;54.63;55.78;53.94;55.08;+3.34
2019-01-04;55.16;57.81;54.89;56.92;+3.34
2019-01-07;57.34;58.48;56.86;57.12;+0.35
2019-01-08;57.3;58.41;56.72;58.19;+1.87
2019-01-09;58.72;61.26;58.64;60.93;+4.71
2019-01-10;60.67;61.49;60.04;60.78;-0.25
2019-01-11;60.8;62.08;59.72;60.18;-0.99
2019-01-14;60.44;60.56;58.62;59;-1.96
2019-01-15;59.16;60.55;58.82;60.26;+2.14
2019-01-16;60.14;61.15;59.76;61;+1.23
2019-01-17;60.74;61.26;59.78;60.89;-0.18
2019-01-18;61.05;62.74;61.05;62.38;+2.45
2019-01-21;62.1;62.92;62.05;62.61;+0.37
2019-01-22;62.4;62.52;60.41;61.44;-1.87
2019-01-23;61.16;62.16;60.07;60.83;-0.99
2019-01-24;60.89;61.37;60.29;61.06;+0.38
2019-01-25;61;61.79;60.61;61.39;+0.54
2019-01-28;61.16;61.63;59.44;60.05;-2.18
2019-01-29;59.78;61.73;59.72;61.24;+1.98
2019-01-30;61.25;62.64;61.05;61.78;+0.88
2019-01-31;61.96;62.56;60.74;61.3;-0.78
2019-02-01;61.15;63.06;60.55;62.94;+2.68
2019-02-04;62.88;63.72;61.37;62.91;-0.05
2019-02-05;62.7;63.11;61.81;62.19;-1.14
2019-02-06;62.13;62.88;61.15;62.67;+0.77
2019-02-07;62.59;62.98;60.69;61.73;-1.50
2019-02-08;61.74;62.43;61.14;62.16;+0.70
2019-02-11;61.98;62.38;60.97;61.64;-0.84
2019-02-12;61.77;63.39;61.66;62.67;+1.67
2019-02-13;62.77;64.03;62.76;63.7;+1.64
2019-02-14;63.72;64.85;63.35;64.67;+1.52
2019-02-15;64.96;66.44;64.48;66.36;+2.61
2019-02-18;66.56;66.87;65.94;66.56;+0.30
2019-02-19;66.47;66.69;65.63;66.5;-0.09
2019-02-20;66.42;67.43;65.7;67.2;+1.05
2019-02-21;67.18;67.33;66.74;66.99;-0.31
2019-02-22;67.01;67.74;66.9;66.97;-0.03
2019-02-25;67.27;67.49;64.56;64.77;-3.29
2019-02-26;64.81;65.73;64.34;65.66;+1.37
2019-02-27;65.7;66.71;65.29;66.31;+0.99
2019-02-28;66.31;66.58;65.71;66.2;-0.17
2019-03-01;66.32;66.93;64.41;64.7;-2.27
2019-03-04;65.03;66.16;64.91;65.42;+1.11
2019-03-05;65.38;66.05;64.88;65.44;+0.03
2019-03-06;65.33;66.01;65.06;65.8;+0.55
2019-03-07;65.69;66.84;65.61;65.92;+0.18
2019-03-08;65.88;65.95;63.88;65.56;-0.55
2019-03-11;65.65;66.62;65.54;66.5;+1.43
2019-03-12;66.63;67.28;66.26;66.69;+0.29
2019-03-13;66.81;67.64;66.59;67.53;+1.26
2019-03-14;67.53;68.03;66.94;67.09;-0.65
2019-03-15;67.09;67.61;66.05;66.95;-0.21
2019-03-18;67.08;67.61;66.62;67.37;+0.63
2019-03-19;67.4;68.13;67.07;67.63;+0.39
2019-03-20;67.56;68.5;67.13;68.22;+0.87
2019-03-21;68.34;68.64;67.55;67.66;-0.82
2019-03-22;67.72;67.92;66.16;66.93;-1.08
2019-03-25;66.85;67.62;66.33;67.25;+0.48
2019-03-26;67.28;68.19;67.23;68;+1.12
2019-03-27;67.87;68.34;67.19;67.85;-0.22
2019-03-28;67.76;68;66.53;68;+0.22
2019-03-29;67.97;68.97;67.83;68.27;+0.40
2019-04-01;68.5;69.83;68.49;69.8;+2.24
2019-04-02;69.78;70.17;69.29;70.17;+0.53
2019-04-03;70.03;70.54;69.38;70.1;-0.10
2019-04-04;69.98;70.58;69.44;69.84;-0.37
2019-04-05;69.66;71.02;69.47;70.95;+1.59
2019-04-08;71.19;71.67;70.92;71.55;+0.85
2019-04-09;71.61;71.81;70.75;71.27;-0.39
2019-04-10;71.23;72.22;71.03;72.02;+1.05
2019-04-11;71.98;72.12;71;71.39;-0.87
2019-04-12;71.39;72.27;71.31;71.91;+0.73
2019-04-15;71.79;71.92;71.13;71.59;-0.45
2019-04-16;71.54;72.25;71.06;72.15;+0.78
2019-04-17;72.19;72.56;71.75;71.92;-0.32
2019-04-18;71.9;72.3;71.47;72.22;+0.42
2019-04-22;72.62;74.71;72.62;74.44;+3.07
2019-04-23;74.53;74.9;74.16;74.53;+0.12
2019-04-24;74.4;74.86;74.16;74.66;+0.17
2019-04-25;74.62;75.72;74.12;74.44;-0.29
2019-04-26;74.31;74.52;71.4;71.71;-3.67
2019-04-29;71.65;72.52;71.12;71.97;+0.36
2019-04-30;72;73.29;71.7;72.15;+0.25
2019-05-01;72.23;72.82;71.79;72.56;+0.57
2019-05-02;72.5;72.72;70.17;70.81;-2.41
2019-05-03;70.96;72;70.42;71.28;+0.66
2019-05-06;69.9;72.21;69.3;71.37;+0.13
2019-05-07;71.54;71.73;69.78;70.22;-1.61
2019-05-08;70.31;71.06;69.71;70.66;+0.63
2019-05-09;70.58;71;69.75;70.67;+0.01
2019-05-10;70.8;71.58;70.53;71.14;+0.67
2019-05-13;70.73;72.88;70.02;70.23;-1.28
2019-05-14;70.33;71.9;70.21;71.25;+1.45
2019-05-15;71.15;72.5;70.69;72.22;+1.36
2019-05-16;72.3;73.6;72.09;73.04;+1.14
2019-05-17;73.1;73.47;72.03;72.34;-0.96
2019-05-20;73.15;73.6;71.79;72.27;-0.10
2019-05-21;72.33;72.69;71.8;72.17;-0.14
2019-05-22;72.05;72.19;70.57;71.02;-1.59
2019-05-23;71.03;71.11;67.14;68.12;-4.08
2019-05-24;68.09;69.41;67.45;69.34;+1.79
2019-05-27;69.25;70.07;68.61;70.07;+1.05
2019-05-28;70.06;70.65;69.64;70.22;+0.21
2019-05-29;70.09;70.14;68.12;69.73;-0.70
2019-05-30;69.66;69.97;66.34;66.59;-4.50
2019-05-31;66.22;66.28;62.68;62.97;-5.44
2019-06-03;62.39;64.02;61.76;62.06;-1.45
2019-06-04;62.1;63.2;61.32;62.5;+0.71
2019-06-05;62.67;63.34;60.48;61.59;-1.46
2019-06-06;61.42;63.44;61.23;63.25;+2.70
2019-06-07;63.4;64.58;62.75;64.28;+1.63
2019-06-10;64.61;64.71;62.89;63.16;-1.74
2019-06-11;63.13;63.7;62.8;62.86;-0.47
2019-06-12;62.37;62.48;60.28;60.48;-3.79
2019-06-13;60.67;63.36;60.48;62.04;+2.58
2019-06-14;61.9;63.21;61.39;62.69;+1.05
2019-06-17;62.77;62.91;61.26;61.44;-1.99
2019-06-18;61.47;63.29;60.72;62.75;+2.13
2019-06-19;62.88;63;61.83;62.63;-0.19
2019-06-20;62.87;65.19;62.81;65.09;+3.93
2019-06-21;65.33;66.11;64.37;65.65;+0.86
2019-06-24;65.75;66.01;64.28;64.95;-1.07
2019-06-25;65.04;66.09;64.36;65.97;+1.57
2019-06-26;65.93;66.94;65.73;66.43;+0.70
2019-06-27;65.98;66.87;65.7;66.31;-0.18
2019-06-28;66.47;66.78;64.87;65.23;-1.63
2019-07-01;66.6;67.55;65;65.97;+1.13
2019-07-02;65.57;66.28;62.96;63.55;-3.67
2019-07-03;63.6;64.7;62.8;64.55;+1.57
2019-07-04;64.62;64.77;63.65;63.86;-1.07
2019-07-05;63.96;65.18;63.59;65.13;+1.99
2019-07-08;64.97;65.72;64.38;64.49;-0.98
2019-07-09;64.39;65.32;64.33;65.09;+0.93
2019-07-10;65.35;67.68;65.19;67.27;+3.35
2019-07-11;67.38;68.19;66.97;67.34;+0.10
2019-07-12;67.35;67.78;67.05;67.38;+0.06
2019-07-15;67.09;67.91;66.54;66.59;-1.17
2019-07-16;66.75;67.49;64.24;64.75;-2.76
2019-07-17;64.81;65.65;63.58;63.94;-1.25
2019-07-18;63.86;64.8;61.63;62.87;-1.67
2019-07-19;62.85;63.67;62.16;63.14;+0.43
2019-07-22;63.45;64.25;63.01;63.53;+0.62
2019-07-23;63.43;64.63;62.88;64.41;+1.39
2019-07-24;64.32;64.84;62.77;63.29;-1.74
2019-07-25;63.36;64.39;63.17;63.27;-0.03
2019-07-26;63.43;64.08;63.16;63.42;+0.24
2019-07-29;63.17;63.95;63;63.85;+0.68
2019-07-30;63.95;65.16;63.94;65.06;+1.90
2019-07-31;64.94;65.52;64.28;64.32;-1.14
2019-08-01;64.07;64.62;60.12;61.11;-4.99
2019-08-02;61.16;63.01;61.08;61.36;+0.41
2019-08-05;61.37;61.64;59.75;60.14;-1.99
2019-08-06;59.24;60.62;58.61;58.69;-2.41
2019-08-07;58.66;59.26;55.96;57.5;-2.03
2019-08-08;57.55;58.07;56.84;57.81;+0.54
2019-08-09;57.73;59.15;57.18;58.36;+0.95
2019-08-12;58.27;58.93;57.94;58.42;+0.10
2019-08-13;58.54;61.55;58.07;60.97;+4.36
2019-08-14;61.12;61.13;58.29;59.03;-3.18
2019-08-15;59.18;59.46;57.73;58.41;-1.05
2019-08-16;58.47;59.54;58.33;58.73;+0.55
2019-08-19;59.05;59.95;58.79;59.8;+1.82
2019-08-20;59.68;60.34;58.98;60.08;+0.47
2019-08-21;60.2;61.45;60.1;60.42;+0.57
2019-08-22;60.5;60.91;59.51;60.08;-0.56
2019-08-23;60.17;60.32;58.36;59.16;-1.53
2019-08-26;58.43;60.17;58.37;58.85;-0.52
2019-08-27;58.8;60.17;58.53;60.08;+2.09
2019-08-28;60.01;61;59.82;60.45;+0.62
2019-08-29;60.45;61.2;60.01;60.97;+0.86
2019-08-30;60.95;61.21;59.05;59.64;-2.18
2019-09-02;59.36;59.78;58.62;59.05;-0.99
2019-09-03;59;59.37;57.72;58.72;-0.56
2019-09-04;58.63;61.45;58.62;60.94;+3.78
2019-09-05;61.03;62.86;60.73;61.22;+0.46
2019-09-06;61.33;62.34;59.87;62.08;+1.40
2019-09-09;62.15;63.41;61.99;63.05;+1.56
2019-09-10;63.48;64.13;62.56;63.08;+0.05
2019-09-11;63.26;63.64;60.89;61.38;-2.69
2019-09-12;61.51;61.75;59.26;60.81;-0.93
2019-09-13;60.79;61.1;59.93;60.47;-0.56
2019-09-16;68.73;69.95;65.14;68.37;+13.06
2019-09-17;68.42;69.54;63.83;64.42;-5.78
2019-09-18;64.52;65.25;63.31;63.81;-0.95
2019-09-19;63.73;65.8;63.72;65.07;+1.97
2019-09-20;65.12;65.48;64.25;64.84;-0.35
2019-09-23;65.06;65.34;63.72;64.52;-0.49
2019-09-24;64.48;64.74;62.44;62.47;-3.18
2019-09-25;62.59;62.93;61.35;62.66;+0.30
2019-09-26;62.73;62.99;61.55;62.67;+0.02
2019-09-27;62.45;62.81;60.83;61.94;-1.16
2019-09-30;61.83;61.96;59.83;60.03;-3.08
2019-10-01;60.02;60.7;59.01;59.82;-0.35
2019-10-02;59.92;60.08;57.8;58.09;-2.89
2019-10-03;58.01;58.52;56.69;58.21;+0.21
2019-10-04;58.23;59.5;58.23;59.03;+1.41
2019-10-07;58.66;60.16;58.52;58.91;-0.20
2019-10-08;59.01;59.39;57.84;58.59;-0.54
2019-10-09;58.42;59.78;58.36;58.73;+0.24
2019-10-10;58.3;60.02;58.23;59.98;+2.13
2019-10-11;59.92;61.08;59.63;61.07;+1.82
2019-10-14;60.97;60.99;58.87;59.55;-2.49
2019-10-15;59.58;60.02;58.33;59.19;-0.60
2019-10-16;59.24;60.05;58.67;59.36;+0.29
2019-10-17;59.21;60.28;58.98;60.17;+1.36
2019-10-18;60.07;60.55;59.27;59.56;-1.01
2019-10-21;59.41;59.75;58.47;59.27;-0.49
2019-10-22;59.18;60.44;58.95;59.75;+0.81
2019-10-23;59.69;61.47;59.03;61.27;+2.54
2019-10-24;61.16;62.05;60.8;61.58;+0.51
2019-10-25;61.69;62.23;61.07;62.11;+0.86
2019-10-28;62.14;62.41;61.27;61.66;-0.72
2019-10-29;61.69;62.01;60.7;61.66;0.00
2019-10-30;61.64;61.96;60.48;60.64;-1.65
2019-10-31;60.61;61.2;59.61;59.89;-1.24
2019-11-01;59.83;62.05;59.8;62.02;+3.56
2019-11-04;62.03;63.14;61.64;62.52;+0.81
2019-11-05;62.3;63.52;62.29;63.28;+1.22
2019-11-06;63.11;63.65;61.92;62.09;-1.88
2019-11-07;62.07;63.2;61.98;62.7;+0.98
2019-11-08;62.54;63;60.98;62.94;+0.38
2019-11-11;62.67;63.02;61.84;62.53;-0.65
2019-11-12;62.4;63.11;62.08;62.22;-0.50
2019-11-13;62.12;62.95;61.46;62.83;+0.98
2019-11-14;62.82;63.43;62.37;62.63;-0.32
2019-11-15;62.69;63.85;61.91;63.64;+1.61
2019-11-18;63.48;63.73;62.12;62.44;-1.89
2019-11-19;62.41;62.72;60.84;60.91;-2.45
2019-11-20;61.11;62.93;60.45;62.58;+2.74
2019-11-21;62.31;64.15;62.06;63.86;+2.05
2019-11-22;63.75;64.37;63.09;63.66;-0.31
2019-11-25;63.64;63.87;63.04;63.62;-0.06
2019-11-26;63.73;64.37;63.51;64.19;+0.90
2019-11-27;64.07;64.63;63.55;64.16;-0.05
2019-11-28;63.86;64.02;63.22;63.94;-0.34
2019-11-29;63.8;63.84;60.96;61.36;-4.04
2019-12-02;61.64;62.65;61.31;61.43;+0.11
2019-12-03;61.59;62.1;60.84;61.7;+0.44
2019-12-04;61.59;64.03;61.53;63.56;+3.01
2019-12-05;63.46;64.43;63.26;63.78;+0.35
2019-12-06;63.97;65.38;63.33;64.87;+1.71
2019-12-09;64.59;64.94;64.05;64.48;-0.60
2019-12-10;64.46;65.12;64.2;64.56;+0.12
2019-12-11;64.4;64.66;63.41;64.31;-0.39
2019-12-12;64.29;65.22;64.25;64.84;+0.82
2019-12-13;65;66.12;64.86;65.28;+0.68
2019-12-16;65.19;65.95;65.19;65.59;+0.47
2019-12-17;65.6;66.52;65.4;66.08;+0.75
2019-12-18;66.16;66.68;65.83;66.41;+0.50
2019-12-19;66.46;67.01;66.28;66.81;+0.60
2019-12-20;66.82;66.93;65.97;66.27;-0.81
2019-12-23;66.27;66.76;65.97;66.71;+0.66
2019-12-24;66.6;67.39;66.51;67.33;+0.93
2019-12-26;67.39;68.05;67.32;68.05;+1.07
2019-12-27;67.97;68.39;67.65;68.22;+0.25
2019-12-30;68.2;68.84;67.32;67.91;-0.45
2019-12-31;67.87;68.14;66.84;67.21;-1.03
2020-01-02;67.51;67.7;66.84;67.44;+0.34
2020-01-03;67.38;70.63;67.34;69.77;+3.45
2020-01-06;70.6;71.8;69.22;69.55;-0.32
2020-01-07;69.61;69.72;68.62;69.47;-0.12
2020-01-08;72.16;72.28;65.81;66.67;-4.03
2020-01-09;66.87;66.97;65.38;66.16;-0.76
2020-01-10;66.21;66.47;65.67;65.86;-0.45
2020-01-13;65.55;65.96;64.6;64.91;-1.44
2020-01-14;64.95;65.69;64.59;65.07;+0.25
2020-01-15;65.03;65.22;64.16;64.84;-0.35
2020-01-16;64.87;65.52;64.48;65.22;+0.59
2020-01-17;65.25;65.68;65.03;65.62;+0.61
2020-01-20;66.18;66.23;65.34;65.66;+0.06
2020-01-21;65.67;65.75;64.45;64.89;-1.17
2020-01-22;64.91;64.93;62.95;62.98;-2.94
2020-01-23;62.97;63;61.55;62.34;-1.02
2020-01-24;62.36;62.74;60.5;60.86;-2.37
2020-01-27;59.25;59.98;58.66;59.05;-2.97
2020-01-28;59.16;60.22;58.62;60.14;+1.85
2020-01-29;59.89;60.7;59.33;59.67;-0.78
2020-01-30;59.65;59.73;57.77;59.09;-0.97
2020-01-31;59.29;59.53;56.86;57.58;-2.56
2020-02-03;56.75;57.62;54.89;55.02;-4.45
2020-02-04;55.14;56.44;54.47;54.58;-0.80
2020-02-05;54.84;57.24;54.83;56.34;+3.22
2020-02-06;56.35;57.33;54.97;55.83;-0.91
2020-02-07;55.92;56.11;54.9;55.12;-1.27
2020-02-10;54.44;55.31;53.68;53.94;-2.14
2020-02-11;54.27;55.23;54.23;54.81;+1.61
2020-02-12;54.97;56.91;54.95;56.89;+3.79
2020-02-13;56.24;57.34;55.47;56.97;+0.14
2020-02-14;56.89;58.01;56.65;57.81;+1.47
2020-02-17;57.66;58.08;57.23;57.95;+0.24
2020-02-18;57.64;58.16;56.66;58.01;+0.10
2020-02-19;58.02;59.72;57.84;59.67;+2.86
2020-02-20;59.61;60.28;59.2;59.42;-0.42
2020-02-21;59.27;59.52;57.98;58.69;-1.23
2020-02-24;57.1;57.36;55.27;56.36;-3.97
2020-02-25;56.62;57.09;54.73;55;-2.41
2020-02-26;55.2;55.53;53.11;53.53;-2.67
2020-02-27;53.22;53.31;51.02;51.45;-3.89
2020-02-28;51.53;51.57;49.37;50.52;-1.81
2020-03-02;49.78;53.61;49.73;53.52;+5.94
2020-03-03;54.08;54.28;51.62;52.07;-2.71
2020-03-04;52.64;53.42;51.44;51.89;-0.35
2020-03-05;52.03;52.41;50.06;50.53;-2.62
2020-03-06;50.59;50.8;45.5;45.85;-9.26
2020-03-09;35.53;37.62;31.48;33.53;-26.87
2020-03-10;36.59;38.43;35.22;38.04;+13.45
2020-03-11;37.64;39.79;35.56;36.03;-5.28
2020-03-12;36.23;36.66;32.68;33.03;-8.33
2020-03-13;32.94;36.29;32.67;34.81;+5.39
2020-03-16;32.39;33.41;29.59;29.89;-14.13
2020-03-17;30.23;31.36;28.62;28.95;-3.14
2020-03-18;28.6;29.31;24.62;26.59;-8.15
2020-03-19;26.84;29.36;25.06;28.18;+5.98
2020-03-20;28.86;31.02;26.9;27.46;-2.56
2020-03-23;25.34;27.64;25.19;27.64;+0.66
2020-03-24;27.91;28.7;26.75;27.72;+0.29
2020-03-25;27.75;28.34;25.84;27.55;-0.61
2020-03-26;27.46;27.79;26.08;26.99;-2.03
2020-03-27;26.73;27.04;24.2;25.07;-7.11
2020-03-30;23.48;23.85;21.67;22.79;-9.09
2020-03-31;22.96;24.07;22.21;22.44;-1.54
2020-04-01;22.48;22.73;21.33;22.27;-0.76
2020-04-02;22.29;30.86;22.14;25.96;+16.57
2020-04-03;26.02;30.7;24.73;30.55;+17.68
2020-04-06;28.34;30.39;28.15;29.66;-2.91
2020-04-07;30.16;30.45;28.38;29;-2.23
2020-04-08;29.17;30.38;28.33;30.27;+4.38
2020-04-09;30.43;32.83;28.33;28.81;-4.82
2020-04-13;29.38;30.5;28.15;29.34;+1.84
2020-04-14;29.7;29.79;27.2;27.81;-5.21
2020-04-15;28.04;28.09;25.25;26.01;-6.47
2020-04-16;26.15;27.05;25.41;26.56;+2.11
2020-04-17;26.98;27.05;25.85;26.62;+0.23
2020-04-20;26.44;26.8;24.17;24.88;-6.54
2020-04-21;25.09;25.27;16.77;18.69;-24.88
2020-04-22;19.45;21.56;15.34;20.11;+7.60
2020-04-23;20.17;22.37;19.34;20.91;+3.98
2020-04-24;21.23;21.96;19.88;21.3;+1.87
2020-04-27;21.52;21.52;18.83;19.73;-7.37
2020-04-28;19.29;20.75;18.52;20.24;+2.58
2020-04-29;19.94;22.07;19.88;21.45;+5.98
2020-04-30;21.64;23.74;21.42;23.54;+9.74
2020-05-01;23.77;24.51;22.76;23.55;+0.04
2020-05-04;23.1;25.17;22.79;25.09;+6.54
2020-05-05;25.19;28.84;24.92;28.81;+14.83
2020-05-06;29;29;25.91;27.01;-6.25
2020-05-07;26.95;28.88;26.42;26.7;-1.15
2020-05-08;26.97;28.39;26.74;28.19;+5.58
2020-05-11;28.18;29.04;27.16;27.89;-1.06
2020-05-12;27.81;28.45;27.27;27.36;-1.90
2020-05-13;27.34;28.45;26.93;27.54;+0.66
2020-05-14;27.54;29.57;26.96;29.48;+7.04
2020-05-15;29.52;30.96;29.02;30.88;+4.75
2020-05-18;31.82;34.03;31.67;33.83;+9.55
2020-05-19;34;34.11;32.74;33.1;-2.16
2020-05-20;33.02;34.97;32.94;34.45;+4.08
2020-05-21;34.48;35.67;34.45;34.75;+0.87
2020-05-22;34.92;35.02;32.48;34.17;-1.67
2020-05-25;34.01;35.33;33.79;34.94;+2.25
2020-05-26;35.09;36.17;34.8;35.61;+1.92
2020-05-27;35.53;35.77;33.81;34.05;-4.38
2020-05-28;33.87;35.7;33.49;35.25;+3.52
2020-05-29;35.02;37.2;33.98;36.81;+4.43
2020-06-01;36.81;37.83;36.35;37.7;+2.42
2020-06-02;37.54;38.89;37.44;38.72;+2.71
2020-06-03;38.95;39.66;37.97;38.64;-0.21
2020-06-04;38.87;39.28;38.25;39.12;+1.24
2020-06-05;39.06;41.64;38.95;41.17;+5.24
2020-06-08;42.57;42.57;40;40.09;-2.62
2020-06-09;40.48;40.75;39.2;40.2;+0.27
2020-06-10;39.9;41.33;39.51;40.75;+1.37
2020-06-11;40.2;40.38;37.27;37.77;-7.31
2020-06-12;37.39;38.89;36.48;38.42;+1.72
2020-06-15;37.75;39.42;36.8;39.41;+2.58
2020-06-16;39.35;41.2;38.52;40.27;+2.18
2020-06-17;40.15;41.03;39.62;40.16;-0.27
2020-06-18;39.86;41.24;39.67;41.03;+2.17
2020-06-19;41.38;42.55;40.7;41.61;+1.41
2020-06-22;41.94;42.91;41.56;42.75;+2.74
2020-06-23;42.97;43.69;41.96;42.14;-1.43
2020-06-24;42.26;42.67;39.46;40.11;-4.82
2020-06-25;40.09;41.48;39.32;41.29;+2.94
2020-06-26;41.25;41.64;40.17;40.61;-1.65
2020-06-29;40.33;41.92;39.96;41.81;+2.95
2020-06-30;41.71;41.92;40.96;41.33;-1.15
2020-07-01;41.41;42.56;40.98;42.05;+1.74
2020-07-02;41.71;43.16;41.67;42.88;+1.97
2020-07-03;42.64;42.93;42.26;42.73;-0.35
2020-07-06;42.89;43.65;42.72;43.05;+0.75
2020-07-07;43.05;43.4;42.42;42.94;-0.26
2020-07-08;42.78;43.42;42.71;43.28;+0.79
2020-07-09;43.25;43.45;41.9;42.3;-2.26
2020-07-10;42.38;43.37;41.29;43.23;+2.20
2020-07-13;42.81;43.3;42.11;42.16;-2.48
2020-07-14;42.23;43.16;41.77;43.06;+2.13
2020-07-15;43.05;43.82;42.68;43.61;+1.28
2020-07-16;43.61;43.76;43.11;43.39;-0.50
2020-07-17;43.38;43.42;42.61;43.09;-0.69
2020-07-20;43.11;43.41;42.35;43.19;+0.23
2020-07-21;43.2;44.87;43.18;43.95;+1.76
2020-07-22;43.96;44.38;43.61;44.28;+0.75
2020-07-23;44.11;44.76;43.12;43.32;-2.17
2020-07-24;43.3;43.88;42.78;43.33;+0.02
2020-07-27;43.11;43.77;42.39;43.47;+0.32
2020-07-28;43.56;43.83;43.02;43.27;-0.46
2020-07-29;43.31;43.93;43.2;43.74;+1.09
2020-07-30;43.76;43.87;41.45;43.28;-1.05
2020-07-31;43.3;43.45;42.62;43.32;+0.09
2020-08-03;43.15;44.16;42.61;43.58;+0.60
2020-08-04;43.44;44.53;42.97;44.07;+1.12
2020-08-05;44.03;45.94;43.97;45.07;+2.27
2020-08-06;45.02;45.42;44.59;44.86;-0.47
2020-08-07;44.91;45.04;44.03;44.41;-1.00
2020-08-10;44.49;45.05;44.37;44.75;+0.77
2020-08-11;44.8;45.56;44.2;44.31;-0.98
2020-08-12;44.33;45.42;44.3;45.14;+1.87
2020-08-13;45.07;45.39;44.65;44.89;-0.55
2020-08-14;45.04;45.04;44.31;44.78;-0.25
2020-08-17;44.91;45.27;44.39;45.14;+0.80
2020-08-18;45.12;45.41;44.64;44.9;-0.53
2020-08-19;45.06;45.37;44.71;45.08;+0.40
2020-08-20;45.01;45.07;43.94;44.77;-0.69
2020-08-21;44.89;45;43.52;44.22;-1.23
2020-08-24;44.39;45.13;44.23;45;+1.76
2020-08-25;45.09;46.02;45.03;46;+2.22
2020-08-26;45.97;46.07;45.55;45.83;-0.37
2020-08-27;45.69;45.87;44.61;45.22;-1.33
2020-08-28;45.12;45.45;44.9;45.44;+0.49
2020-08-31;45.55;46.12;44.82;45.19;-0.55
2020-09-01;45.22;45.83;45.08;45.41;+0.49
2020-09-02;45.4;45.66;43.85;44.06;-2.97
2020-09-03;44.14;44.22;42.83;43.66;-0.91
2020-09-04;43.38;44.2;41.99;42.03;-3.73
2020-09-07;41.4;42.14;41.4;41.77;-0.62
2020-09-08;41.81;41.95;39.06;39.49;-5.46
2020-09-09;39.4;40.95;39.12;40.38;+2.25
2020-09-10;40.27;40.71;39.48;39.48;-2.23
2020-09-11;39.71;40.12;39.17;39.59;+0.28
2020-09-14;39.62;39.89;39.12;39.5;-0.23
2020-09-15;39.52;40.64;39.22;40.5;+2.53
2020-09-16;40.53;42.27;40.42;42.14;+4.05
2020-09-17;42.11;43.34;41.34;43.12;+2.33
2020-09-18;43.04;43.64;42.39;42.95;-0.39
2020-09-21;42.78;43.18;40.87;41.58;-3.19
2020-09-22;41.71;42.09;41.12;41.69;+0.26
2020-09-23;41.62;42.52;41.12;41.43;-0.62
2020-09-24;41.28;41.95;41.19;41.69;+0.63
2020-09-25;41.8;42.25;41.47;41.77;+0.19
2020-09-28;41.81;42.55;41.46;42.47;+1.68
2020-09-29;42.38;42.5;40.4;40.91;-3.67
2020-09-30;40.93;42.04;40.39;41.69;+1.91
2020-10-01;41.71;42.12;39.52;40.33;-3.26
2020-10-02;40.25;40.37;38.41;38.81;-3.77
2020-10-05;39.11;41.41;39.09;41.17;+6.08
2020-10-06;41.01;42.48;40.87;41.59;+1.02
2020-10-07;41.51;42.07;41.03;41.83;+0.58
2020-10-08;41.8;43.14;41.53;43.14;+3.13
2020-10-09;43.02;43.25;42.3;42.5;-1.48
2020-10-12;42.19;42.34;41.11;41.52;-2.31
2020-10-13;41.55;42.42;41.41;42.22;+1.69
2020-10-14;42.17;43.2;41.89;43.19;+2.30
2020-10-15;43.18;43.24;41.36;42.79;-0.93
2020-10-16;42.85;42.98;42.07;42.61;-0.42
2020-10-19;42.84;43.06;42.2;42.31;-0.70
2020-10-20;42.29;43.14;42.03;42.64;+0.78
2020-10-21;42.78;42.9;41.34;41.59;-2.46
2020-10-22;41.49;42.66;41.34;42.3;+1.71
2020-10-23;42.27;42.69;41.41;41.55;-1.77
2020-10-26;41.06;41.27;40.17;40.41;-2.74
2020-10-27;40.44;41.44;40.36;40.67;+0.64
2020-10-28;40.58;40.66;38.79;39.09;-3.88
2020-10-29;39.41;39.5;36.84;37.73;-3.48
2020-10-30;37.78;38.25;36.99;37.48;-0.66
2020-11-02;35.81;38.96;35.67;38.84;+3.63
2020-11-03;38.85;40.05;38.28;39.81;+2.50
2020-11-04;39.77;40.95;39.05;40.84;+2.59
2020-11-05;40.62;41.15;39.96;40.45;-0.95
2020-11-06;40.14;40.33;39.01;39.36;-2.69
2020-11-09;39.75;43.15;39.64;41.73;+6.02
2020-11-10;41.44;43.75;41.41;43.73;+4.79
2020-11-11;43.41;44.99;43.3;43.45;-0.64
2020-11-12;43.39;44.19;43;43;-1.04
2020-11-13;42.8;43.07;42.39;42.44;-1.30
2020-11-16;42.81;44.42;42.77;43.7;+2.97
2020-11-17;43.72;44.05;42.88;43.6;-0.23
2020-11-18;43.52;44.68;43.28;44;+0.92
2020-11-19;43.81;44.39;43.62;43.99;-0.02
2020-11-20;43.98;45.03;43.89;44.94;+2.16
2020-11-23;45.02;45.99;44.79;45.72;+1.74
2020-11-24;45.87;47.91;45.84;47.83;+4.62
2020-11-25;47.72;48.94;47.62;48.77;+1.97
2020-11-26;48.66;49;47.46;47.78;-2.03
2020-11-27;47.79;48.38;47.3;48.17;+0.82
2020-11-30;47.73;48.2;47;47.63;-1.12
2020-12-01;47.69;48.22;46.82;47.18;-0.94
2020-12-02;46.95;48.68;46.75;47.89;+1.50
2020-12-03;47.92;48.84;47.61;48.73;+1.75
2020-12-04;48.86;49.79;48.77;48.98;+0.51
2020-12-07;48.98;49.37;48.34;48.62;-0.73
2020-12-08;48.5;48.94;48.06;48.75;+0.27
2020-12-09;48.75;49.48;48.35;48.96;+0.43
2020-12-10;49;51;48.81;50.36;+2.86
2020-12-11;50.47;50.69;49.71;49.93;-0.85
2020-12-14;50.04;50.75;49.18;50.3;+0.74
2020-12-15;50.24;50.84;49.74;50.64;+0.68
2020-12-16;50.59;51.16;50.32;51.11;+0.93
2020-12-17;51.08;51.85;51.06;51.46;+0.68
2020-12-18;51.45;52.43;51.11;52.29;+1.61
2020-12-21;51.54;51.56;49.18;50.83;-2.79
2020-12-22;50.54;50.84;49.53;49.81;-2.01
2020-12-23;49.58;51.55;49.19;51.13;+2.65
2020-12-24;51.08;51.75;50.61;51.34;+0.41
2020-12-28;50.89;52.01;50.74;50.92;-0.82
2020-12-29;51.02;51.65;50.92;51.24;+0.63
2020-12-30;51.32;51.88;50.91;51.44;+0.39
2020-12-31;51.46;51.79;50.87;51.69;+0.49
2021-01-04;51.7;53.3;50.55;50.62;-2.07
2021-01-05;50.86;53.81;50.68;53.54;+5.77
2021-01-06;53.64;54.69;53.09;54.15;+1.14
2021-01-07;54.17;54.86;53.92;54.5;+0.65
2021-01-08;54.54;56.28;54.35;56.22;+3.16
2021-01-11;55.91;55.98;54.97;55.63;-1.05
2021-01-12;55.63;56.77;55.5;56.75;+2.01
2021-01-13;56.87;57.39;55.77;55.89;-1.52
2021-01-14;55.88;56.52;55.23;56.44;+0.98
2021-01-15;56.4;56.48;54.66;54.87;-2.78
2021-01-18;54.91;55.19;54.48;54.75;-0.22
2021-01-19;55.02;56.06;54.89;55.95;+2.19
2021-01-20;56;56.61;55.66;55.69;-0.46
2021-01-21;55.85;56.23;55.48;56.17;+0.86
2021-01-22;55.96;56.02;54.48;55.08;-1.94
2021-01-25;55.38;56;55.1;55.94;+1.56
2021-01-26;55.94;56.34;55.4;56.08;+0.25
2021-01-27;56.06;56.45;55.2;55.53;-0.98
2021-01-28;55.36;56.45;55.17;55.25;-0.50
2021-01-29;55.29;56.27;55.14;55.25;0.00
2021-02-01;55.12;56.72;55.02;56.47;+2.21
2021-02-02;56.61;58.26;56.54;58.05;+2.80
2021-02-03;58.02;59.12;57.71;58.84;+1.36
2021-02-04;58.73;59.28;58.26;59.28;+0.75
2021-02-05;59.38;59.98;59.27;59.76;+0.81
2021-02-08;60.06;60.86;59.95;60.86;+1.84
2021-02-09;61.03;61.48;60.22;61.42;+0.92
2021-02-10;61.36;61.85;61.03;61.23;-0.31
2021-02-11;61.18;61.64;60.88;61;-0.38
2021-02-12;60.92;62.97;60.49;62.81;+2.97
2021-02-15;63.2;63.88;63.16;63.4;+0.94
2021-02-16;63.53;63.8;62.8;63.67;+0.43
2021-02-17;63.21;65.06;62.84;64.92;+1.96
2021-02-18;65.17;65.6;63.31;63.59;-2.05
2021-02-19;63.35;64.01;62.19;62.8;-1.24
2021-02-22;63.36;65.9;63.23;65.85;+4.86
2021-02-23;65.43;66.81;64.52;65.16;-1.05
2021-02-24;65.18;67.38;64.82;67.34;+3.35
2021-02-25;67.33;67.73;66.56;66.92;-0.62
2021-02-26;66.82;66.88;65.12;65.3;-2.42
2021-03-01;66.19;66.71;63.94;64.07;-1.88
2021-03-02;63.91;64.88;63.12;63.29;-1.22
2021-03-03;63.11;65.43;63.11;64.66;+2.16
2021-03-04;64.78;68.46;64.08;67.94;+5.07
2021-03-05;67.91;70.42;67.38;70.28;+3.44
2021-03-08;71.1;72.04;68.46;68.72;-2.22
2021-03-09;68.73;69.95;67.73;67.88;-1.22
2021-03-10;67.9;69.01;67.09;68.72;+1.24
2021-03-11;69;70.41;68.56;70.14;+2.07
2021-03-12;70;70.44;69.57;69.72;-0.60
2021-03-15;69.96;70.49;68.3;69.18;-0.77
2021-03-16;69.28;69.38;67.8;68.91;-0.39
2021-03-17;68.85;69.28;67.36;68.16;-1.09
2021-03-18;68.29;68.52;61.85;63.25;-7.20
2021-03-19;63.31;65.23;62.39;64.88;+2.58
2021-03-22;64.23;65.3;63.7;64.52;-0.55
2021-03-23;64.53;64.53;60.48;60.61;-6.06
2021-03-24;60.75;64.74;60.67;64.34;+6.15
2021-03-25;64.08;64.35;61.16;61.95;-3.71
2021-03-26;62.14;65.04;62.09;64.53;+4.16
2021-03-29;64.55;65.55;63.21;65.31;+1.21
2021-03-30;65.52;65.52;63.67;64.17;-1.75
2021-03-31;64.17;64.96;62.68;63.18;-1.54
2021-04-01;63.27;65.3;62.54;64.78;+2.53
2021-04-05;64.79;64.88;61.37;62.38;-3.70
2021-04-06;62.45;64.39;62.19;62.81;+0.69
2021-04-07;62.73;63.66;61.72;63.03;+0.35
2021-04-08;63.15;63.53;62.49;63.44;+0.65
2021-04-09;63.36;63.59;62.68;63.12;-0.50
2021-04-12;63.37;64.38;62.5;63.22;+0.16
2021-04-13;63.4;64.26;63.27;64.03;+1.28
2021-04-14;64.1;66.97;63.96;66.34;+3.61
2021-04-15;66.4;67.11;66.03;66.89;+0.83
2021-04-16;66.94;67.45;66.55;66.79;-0.15
2021-04-19;66.47;67.29;66.24;67.17;+0.57
2021-04-20;67.25;68.12;65.58;66.37;-1.19
2021-04-21;66.34;66.57;65.02;65.1;-1.91
2021-04-22;65.15;65.87;64.63;65.75;+1.00
2021-04-23;65.8;66.34;65.21;66.03;+0.43
2021-04-26;65.9;66.28;64.6;65.78;-0.38
2021-04-27;65.8;66.82;65.69;66.64;+1.31
2021-04-28;66.58;67.86;66.15;67.03;+0.59
2021-04-29;67.19;68.93;67.14;68.49;+2.18
2021-04-30;68.37;68.45;66.76;67.13;-1.99
2021-05-03;67.34;68.25;66.53;68.06;+1.39
2021-05-04;68.12;69.74;67.78;69.71;+2.42
2021-05-05;69.88;70.36;68.75;68.92;-1.13
2021-05-06;68.84;69.75;68.35;68.63;-0.42
2021-05-07;68.65;69.01;67.76;68.59;-0.06
2021-05-10;69.22;69.51;67.74;68.55;-0.06
2021-05-11;68.65;69.05;67.45;68.97;+0.61
2021-05-12;69.08;70.19;68.47;69.31;+0.49
2021-05-13;69.15;69.31;66.75;67.27;-2.94
2021-05-14;67.27;69.12;66.77;69.09;+2.71
2021-05-17;69.11;69.83;68.44;69.75;+0.96
2021-05-18;69.75;70.43;67.48;68.7;-1.51
2021-05-19;68.57;68.63;65.47;66.82;-2.74
2021-05-20;66.78;67.32;64.95;65.16;-2.48
2021-05-21;65.34;67.06;64.71;66.81;+2.53
2021-05-24;66.59;68.71;66.56;68.47;+2.48
2021-05-25;68.57;68.95;67.91;68.65;+0.26
2021-05-26;68.6;69.22;68.09;68.84;+0.28
2021-05-27;68.85;69.45;68.15;69.39;+0.80
2021-05-28;69.66;69.93;68.78;69.21;-0.26
2021-05-31;69.11;70;68.93;69.45;+0.35
2021-06-01;69.54;71.51;69.46;70.79;+1.93
2021-06-02;70.67;71.65;70.53;71.38;+0.83
2021-06-03;71.41;72.15;70.83;71.56;+0.25
2021-06-04;71.42;72.32;70.91;71.8;+0.34
2021-06-07;72.09;72.41;71.25;71.6;-0.28
2021-06-08;71.54;72.56;70.85;72.19;+0.82
2021-06-09;72.29;73;71.96;72.19;0.00
2021-06-10;72.14;73.04;71.09;72.52;+0.46
2021-06-11;72.5;73.2;72;72.72;+0.28
2021-06-14;72.87;73.74;72.73;73.2;+0.66
2021-06-15;73.13;74.42;72.9;74.34;+1.56
2021-06-16;74.34;75.05;73.94;73.94;-0.54
2021-06-17;73.91;74.57;72.11;73.1;-1.14
2021-06-18;73.02;73.84;72.27;73.27;+0.23
2021-06-21;73.7;75.01;73.05;74.9;+2.22
2021-06-22;74.91;75.37;74.4;74.81;-0.12
2021-06-23;74.81;76.05;74.77;75.46;+0.87
2021-06-24;75.34;75.81;74.56;75.62;+0.21
2021-06-25;75.59;76.25;75.01;76.16;+0.71
2021-06-28;76.32;76.61;74.73;74.81;-1.77
2021-06-29;74.88;75.76;74.13;75.41;+0.80
2021-06-30;75.38;76.09;74.68;75.38;-0.04
2021-07-01;75.4;77.47;75.28;76.32;+1.25
2021-07-02;76.33;77.15;75.95;76.78;+0.60
2021-07-05;76.78;77.89;76.34;77.76;+1.28
2021-07-06;77.72;78.46;74.74;75.53;-2.87
2021-07-07;75.32;76.58;73.18;73.92;-2.13
2021-07-08;73.91;74.95;72.66;74.88;+1.30
2021-07-09;74.88;76.34;74.32;76.12;+1.66
2021-07-12;76.08;76.18;74.69;75.62;-0.66
2021-07-13;75.74;77.04;75.38;76.78;+1.53
2021-07-14;76.68;77.13;74.23;74.94;-2.40
2021-07-15;74.9;74.96;73.58;73.62;-1.76
2021-07-16;73.47;74.45;72.71;73.5;-0.16
2021-07-19;73.34;73.53;68.16;69.02;-6.10
2021-07-20;69.31;69.97;67.71;68.89;-0.19
2021-07-21;69.19;72.59;68.87;72.44;+5.15
2021-07-22;72.44;74.11;71.96;73.84;+1.93
2021-07-23;73.78;74.41;73.51;74.4;+0.76
2021-07-26;74.27;74.94;72.88;74.91;+0.69
2021-07-27;74.8;75.14;74.13;74.8;-0.15
2021-07-28;74.85;75.37;74.5;74.85;+0.07
2021-07-29;74.85;76.14;74.68;75.81;+1.28
2021-07-30;75.74;76.61;75.34;76.09;+0.37
2021-08-02;75.99;76.02;73.15;74.03;-2.71
2021-08-03;73.89;74.35;71.84;73.08;-1.28
2021-08-04;73.11;73.59;70.84;71.02;-2.82
2021-08-05;71.02;72.22;70.46;71.91;+1.25
2021-08-06;71.88;73.12;70.97;70.97;-1.31
2021-08-09;70.17;70.23;68.17;69.77;-1.69
2021-08-10;69.93;71.79;69.5;71.41;+2.35
2021-08-11;71.33;72.2;69.6;72.15;+1.04
2021-08-12;72.07;72.4;71.31;71.78;-0.51
2021-08-13;71.67;71.96;70.6;70.83;-1.32
2021-08-16;70.74;70.88;68.64;70.03;-1.13
2021-08-17;70.22;70.45;69.29;69.53;-0.71
2021-08-18;69.4;70.44;67.63;67.88;-2.37
2021-08-19;67.97;68.03;65.95;66.86;-1.50
2021-08-20;66.94;67.27;65.31;65.31;-2.32
2021-08-23;65.71;69.17;65.71;69.03;+5.70
2021-08-24;68.89;71.28;68.77;71.13;+3.04
2021-08-25;70.87;72.11;70.47;71.67;+0.76
2021-08-26;71.61;71.78;70.42;71.19;-0.67
2021-08-27;71.23;72.39;70.86;72.28;+1.53
2021-08-30;73.18;73.18;71.61;72.69;+0.57
2021-08-31;72.72;72.94;71.94;72.25;-0.61
2021-09-01;72.21;72.94;70.97;71.84;-0.57
2021-09-02;71.79;74;71.44;73.34;+2.09
2021-09-03;73.37;74.21;72.93;72.99;-0.48
2021-09-06;72.52;73.24;71.97;72.56;-0.59
2021-09-07;72.61;73.25;71.54;71.97;-0.81
2021-09-08;72.09;73.37;71.98;73.09;+1.56
2021-09-09;72.96;73.61;71.29;71.74;-1.85
2021-09-10;71.68;73.53;71.34;73.27;+2.13
2021-09-13;73.63;74.26;73.37;73.97;+0.96
2021-09-14;73.95;74.59;73.41;74.25;+0.38
2021-09-15;74.21;76.44;74.09;75.8;+2.09
2021-09-16;75.67;76.17;74.78;75.9;+0.13
2021-09-17;75.88;76.04;74.87;75.59;-0.41
2021-09-20;75.25;75.41;73.72;74.44;-1.52
2021-09-21;74.59;75.37;73.45;74.87;+0.58
2021-09-22;74.76;76.43;74.67;76.03;+1.55
2021-09-23;76.07;77.5;75.76;77.4;+1.80
2021-09-24;77.44;78.35;77.03;78.14;+0.96
2021-09-27;78.9;79.93;78.72;79.45;+1.68
2021-09-28;79.47;80.82;78.22;78.28;-1.47
2021-09-29;78.37;79.56;77.59;78.75;+0.60
2021-09-30;78.64;80.11;77.32;79.13;+0.48
2021-10-01;79.35;80.19;78.34;79.91;+0.99
2021-10-04;80;82.73;79.46;82.01;+2.63
2021-10-05;81.96;83.83;81.88;83.25;+1.51
2021-10-06;83.29;84.15;81.27;81.48;-2.13
2021-10-07;81.62;83.15;79.71;83.09;+1.98
2021-10-08;83.01;84.05;82.57;83.16;+0.08
2021-10-11;83.14;85.15;83.09;84.18;+1.23
2021-10-12;84.05;84.75;83.23;83.81;-0.44
2021-10-13;83.57;84.17;82.75;83.81;0.00
2021-10-14;83.97;84.96;83.64;84.55;+0.88
2021-10-15;84.73;85.53;84.6;85.28;+0.86
2021-10-18;85.69;86.39;84.3;84.45;-0.97
2021-10-19;84.52;85.72;84.03;85.41;+1.14
2021-10-20;85.5;86.18;83.93;86.15;+0.87
2021-10-21;86.1;86.36;83.62;85;-1.33
2021-10-22;84.76;86.02;84.06;85.81;+0.95
2021-10-25;85.59;86.69;85.56;86.05;+0.28
2021-10-26;86.15;86.64;85.46;86.28;+0.27
2021-10-27;86.18;86.42;84.19;84.33;-2.26
2021-10-28;84.38;84.81;82.43;84.73;+0.47
2021-10-29;84.52;85.08;83.38;84.49;-0.28
2021-11-01;84;85.87;83.83;85.25;+0.90
2021-11-02;85.22;85.94;84.48;84.77;-0.56
2021-11-03;84.72;84.88;81.77;81.95;-3.33
2021-11-04;82.19;85.16;80.85;81.56;-0.48
2021-11-05;81.93;83.78;80.87;82.98;+1.74
2021-11-08;83.5;84.56;83.44;84.22;+1.49
2021-11-09;84;85.8;83.71;85.73;+1.79
2021-11-10;85.5;86.02;82.6;83.2;-2.95
2021-11-11;83.37;83.88;82.15;83.06;-0.17
2021-11-12;83.33;83.33;81.72;82.44;-0.75
2021-11-15;82.7;82.77;80.47;81.47;-1.18
2021-11-16;81.25;82.44;80.91;81.71;+0.29
2021-11-17;81.36;81.5;79.17;79.57;-2.62
2021-11-18;79.35;80.71;78.59;80.44;+1.09
2021-11-19;80.29;81.53;77.47;77.84;-3.23
2021-11-22;78.59;80.28;78.33;79.65;+2.33
2021-11-23;79.69;82.59;78.75;82.13;+3.11
2021-11-24;81.84;82.86;81.63;81.97;-0.19
2021-11-25;81.94;82.35;81.47;82.02;+0.06
2021-11-26;81.05;81.21;71.84;72.58;-11.51
2021-11-29;75.31;76.72;72.93;73.97;+1.92
2021-11-30;74.91;75.08;68.19;70.92;-4.12
2021-12-01;70.47;73.56;68.81;69.55;-1.93
2021-12-02;70.31;71.35;66.41;71.12;+2.26
2021-12-03;70.92;73.25;69.87;70.55;-0.80
2021-12-06;71.75;74.37;71.41;74.15;+5.10
2021-12-07;74.07;76.81;73.79;75.88;+2.33
2021-12-08;76.02;76.94;74.94;76.47;+0.78
2021-12-09;76.47;77.24;74.38;74.55;-2.51
2021-12-10;74.52;76.22;74.32;75.87;+1.77
2021-12-13;76.31;76.83;74.62;74.66;-1.59
2021-12-14;74.88;75.56;72.97;73.6;-1.42
2021-12-15;73.62;74.96;72.88;74.75;+1.56
2021-12-16;74.8;75.95;74.36;74.94;+0.25
2021-12-17;74.9;75.32;72.99;73.33;-2.15
2021-12-20;72.37;72.69;69.54;72.31;-1.39
2021-12-21;72.13;74.52;71.48;74.2;+2.61
2021-12-22;74.28;75.88;73.87;75.82;+2.18
2021-12-23;75.68;77.02;75;76.75;+1.23
2021-12-24;76.77;76.77;75.62;75.81;-1.22
2021-12-27;76.34;78.88;75.59;78.81;+3.96
2021-12-28;78.5;79.68;78.27;79.06;+0.32
2021-12-29;79.16;80.23;78.31;79.41;+0.44
2021-12-30;79.29;80.21;78.61;79.3;-0.14
2021-12-31;79.03;79.87;77.74;78.09;-1.53
2022-01-03;78.58;79.43;77.2;79.09;+1.28
2022-01-04;79.07;80.72;78.78;80.33;+1.57
2022-01-05;80.23;81.65;79.72;80.36;+0.04
2022-01-06;80.33;82.98;79.77;82.12;+2.19
2022-01-07;82.15;83.15;81.61;81.94;-0.22
2022-01-10;81.6;82.43;80.64;81.14;-0.98
2022-01-11;81.3;84.11;81.02;83.9;+3.40
2022-01-12;83.94;85.33;83.65;84.94;+1.24
2022-01-13;84.98;85.19;83.92;84.23;-0.84
2022-01-14;84.21;86.62;84.12;86.48;+2.67
2022-01-17;86.64;86.8;85.65;86.64;+0.19
2022-01-18;86.59;88.75;86.53;88.66;+2.33
2022-01-19;88.79;89.25;87.7;87.78;-0.99
2022-01-20;87.9;89.58;87.14;87.5;-0.32
2022-01-21;86.75;88.3;85.79;87.81;+0.35
2022-01-24;88.69;88.95;85.1;87.19;-0.71
2022-01-25;86.75;88.23;86.15;87.91;+0.83
2022-01-26;87.84;90.15;87.56;89.38;+1.67
2022-01-27;89.34;90.59;88.63;89.69;+0.35
2022-01-28;89.51;91.09;88.97;89.82;+0.14
2022-01-31;90.15;90.56;88.84;90.06;+0.27
2022-02-01;90.36;90.68;88.45;90.02;-0.04
2022-02-02;90.16;91.21;88.98;89.96;-0.07
2022-02-03;89.75;91.99;88.68;91.68;+1.91
2022-02-04;91.93;94.37;91.87;93.45;+1.93
2022-02-07;93.5;94.59;92.72;93.53;+0.09
2022-02-08;93.19;93.49;90.49;91.83;-1.82
2022-02-09;91.6;92.6;90.57;92.3;+0.51
2022-02-10;92.23;93.59;91.4;91.91;-0.42
2022-02-11;91.63;96.16;90.99;95.53;+3.94
2022-02-14;95.85;97.18;93.86;96.19;+0.69
2022-02-15;96.22;96.65;92.45;93.87;-2.41
2022-02-16;93.81;96.42;91.47;92.37;-1.60
2022-02-17;92.57;94.81;92.47;93.24;+0.94
2022-02-18;93.03;94.44;90.55;94.09;+0.91
2022-02-21;94.96;97.52;92.78;97.42;+3.54
2022-02-22;97.06;99.05;95.47;96.02;-1.44
2022-02-23;96.09;98.24;95.25;97.17;+1.20
2022-02-24;97.51;104.85;96.53;98.26;+1.12
2022-02-25;99.63;100.79;95.09;96.86;-1.42
2022-02-28;101.63;102.39;99.24;100.34;+3.59
2022-03-01;100.5;109.93;100.46;109.9;+9.53
2022-03-02;109.51;117.55;109.12;116.95;+6.41
2022-03-03;117.39;122.25;111.73;112.69;-3.64
2022-03-04;115.77;121.32;111.81;120.38;+6.82
2022-03-07;132.49;133.01;121.17;126.53;+5.11
2022-03-08;127.12;135.36;123.48;131.4;+3.85
2022-03-09;132.13;133.76;108.5;114.28;-13.03
2022-03-10;114.53;120.16;110.62;110.82;-3.03
2022-03-11;111.84;115.57;108.79;114.09;+2.95
2022-03-14;112.26;112.32;104.83;107.23;-6.01
2022-03-15;106.61;106.96;98.63;99.72;-7.00
2022-03-16;100.47;104.84;98.06;99.03;-0.69
2022-03-17;99.76;108.63;98.92;107.98;+9.04
2022-03-18;107.84;110.65;106.84;109.02;+0.96
2022-03-21;110.22;117.66;110.22;117.19;+7.49
2022-03-22;118.29;120.29;113.47;115.23;-1.67
2022-03-23;115.2;123.09;115.17;122.12;+5.98
2022-03-24;122.23;124.44;117.53;118.57;-2.91
2022-03-25;119.19;121.72;115.84;120.12;+1.31
2022-03-28;117.79;118.5;109.5;110.03;-8.40
2022-03-29;110.52;115.26;105.44;111.93;+1.73
2022-03-30;113.28;115.65;111.19;114.22;+2.05
2022-03-31;114.21;114.38;107.15;108.63;-4.89
2022-04-01;108.24;109.13;105.26;107.29;-1.23
2022-04-04;106.13;111.28;105.68;110.56;+3.05
2022-04-05;111.41;112.56;107.08;108.1;-2.23
2022-04-06;108.09;111.18;102.97;104.03;-3.77
2022-04-07;104.31;105.88;100.69;103.6;-0.41
2022-04-08;103.5;105.47;101.81;104.54;+0.91
2022-04-11;103.12;103.55;99.4;101.14;-3.25
2022-04-12;101.09;107.41;100.63;106.63;+5.43
2022-04-13;107.1;110.77;105.79;110.54;+3.67
2022-04-14;109.95;114.09;108.31;113.19;+2.40
2022-04-18;114.52;116.15;111.99;113.94;+0.66
2022-04-19;114.2;115.39;107.94;108.59;-4.70
2022-04-20;109.22;110.04;105.67;108.27;-0.29
2022-04-21;108.03;110.73;107.71;109.59;+1.22
2022-04-22;109.15;109.59;106.25;106.86;-2.49
2022-04-25;105.66;106;100.31;103.34;-3.29
2022-04-26;103.31;106.85;101.96;106.1;+2.67
2022-04-27;106.12;107.02;104.03;105.9;-0.19
2022-04-28;105.69;108.72;103.91;108.23;+2.20
2022-04-29;108.17;111.02;107.18;107.59;-0.59
2022-05-02;107.85;109.29;104;108.52;+0.86
2022-05-03;108.45;109.2;105.53;106.72;-1.66
2022-05-04;106.72;111.85;106.3;111;+4.01
2022-05-05;111.38;114.86;110.09;111.85;+0.77
2022-05-06;112.07;114.33;110.71;113.91;+1.84
2022-05-09;112.56;113.93;105.66;105.98;-6.96
2022-05-10;106.06;107.56;102.18;102.19;-3.58
2022-05-11;102.34;108.92;101.91;108.17;+5.85
2022-05-12;108.41;109.28;105.31;108.47;+0.28
2022-05-13;109.13;112.28;108.38;111.75;+3.02
2022-05-16;112.91;115.3;109.5;114.48;+2.44
2022-05-17;114.82;116.16;111.57;113.22;-1.10
2022-05-18;113.32;114.6;108.81;109.69;-3.12
2022-05-19;108.46;112.71;106.1;111.81;+1.93
2022-05-20;111.9;113.61;110.92;113.05;+1.11
2022-05-23;113.02;114.59;112.17;113.69;+0.57
2022-05-24;113.04;114.85;111.96;113.8;+0.10
2022-05-25;114.09;115.27;113.04;114.32;+0.46
2022-05-26;114.19;117.65;113.67;117.11;+2.44
2022-05-27;117.06;118.62;115.97;118.22;+0.95
2022-05-30;118.66;120.54;118.5;120.31;+1.77
2022-05-31;120.78;123.41;117.69;118.72;-1.32
2022-06-01;118.53;121.04;117.83;118.24;-0.40
2022-06-02;117.08;120.84;114.78;120.5;+1.91
2022-06-03;120.5;123.8;118.28;123.68;+2.64
2022-06-06;123.35;123.57;120.84;122;-1.36
2022-06-07;121.89;123.38;120.61;122.87;+0.71
2022-06-08;122.47;126.38;122.38;125.74;+2.34
2022-06-09;125.53;126.23;124.43;124.75;-0.79
2022-06-10;124.64;126.13;121.6;123.58;-0.94
2022-06-13;121.7;125.13;120.44;123.73;+0.12
2022-06-14;123.4;126.62;120.34;122.31;-1.15
2022-06-15;122.2;123.22;119.07;120.17;-1.75
2022-06-16;120.75;121.5;116.79;120.17;0.00
2022-06-17;120.25;122.41;112.85;114.56;-4.67
2022-06-20;114.85;115.35;112.4;115.26;+0.61
2022-06-21;115.04;117.04;114.83;115.44;+0.16
2022-06-22;115.03;115.16;107.71;110.7;-4.11
2022-06-23;110.09;113.15;108.65;109.83;-0.79
2022-06-24;110.09;113.94;109.34;112.19;+2.15
2022-06-27;111.44;115.41;110.55;114.71;+2.25
2022-06-28;115.06;117.61;114.92;117.39;+2.34
2022-06-29;117.25;119.69;115.09;115.52;-1.59
2022-06-30;115.58;116.51;111.34;112.29;-2.80
2022-07-01;112.54;115.58;111.05;114.5;+1.97
2022-07-04;114.08;116.84;113.16;116.41;+1.67
2022-07-05;116.29;117.47;103.56;107.26;-7.86
2022-07-06;107.41;108.28;100.84;102.04;-4.87
2022-07-07;102.43;108.68;100.69;106.5;+4.37
2022-07-08;107.03;109.71;105.93;109.34;+2.67
2022-07-11;108.86;109.65;105.58;108.17;-1.07
2022-07-12;108.1;108.38;100.63;100.78;-6.83
2022-07-13;100.07;102.85;99.88;101.32;+0.54
2022-07-14;100.79;101.91;95.96;101.08;-0.24
2022-07-15;101.37;104.09;99.6;102.44;+1.35
2022-07-18;101.98;107.69;100.6;106.84;+4.30
2022-07-19;106.76;108.72;104.69;108.31;+1.38
2022-07-20;108.16;108.47;106.1;107.63;-0.63
2022-07-21;107.34;107.7;102.4;104.81;-2.62
2022-07-22;104.68;106.52;102.72;104.23;-0.55
2022-07-25;103.64;105.47;101.63;104.89;+0.63
2022-07-26;104.65;107.43;103.94;104.53;-0.34
2022-07-27;104.47;107.76;103.59;107.12;+2.48
2022-07-28;107.13;109.03;105.69;107.09;-0.03
2022-07-29;107.23;111.3;106.23;108.26;+1.09
2022-08-01;107.67;108.7;103.22;103.85;-4.07
2022-08-02;103.78;106.47;102.42;103.78;-0.07
2022-08-03;103.59;106.32;100.22;100.66;-3.01
2022-08-04;100.77;101.25;96.63;96.94;-3.70
2022-08-05;96.96;99.83;96.1;97.75;+0.84
2022-08-08;96.98;99.81;96;99.53;+1.82
2022-08-09;99.28;101.35;97.79;99.34;-0.19
2022-08-10;99.19;100.78;96.35;99.75;+0.41
2022-08-11;99.74;102.94;99.32;101.98;+2.24
2022-08-12;101.96;103.01;99.54;100.5;-1.45
2022-08-15;99.78;100.22;94.86;95.53;-4.95
2022-08-16;95.62;97.94;93.64;94.53;-1.05
2022-08-17;94.5;96.32;93.31;94.75;+0.23
2022-08-18;95.03;99.19;94.76;98.2;+3.64
2022-08-19;98.31;99.52;95.87;97.41;-0.80
2022-08-22;96.94;98.53;93.57;97.8;+0.40
2022-08-23;98.02;101.62;97.66;101.19;+3.47
2022-08-24;101.19;102.93;100.28;102.8;+1.59
2022-08-25;102.78;103.53;100.18;100.94;-1.81
2022-08-26;100.84;102.02;98.82;100.78;-0.16
2022-08-29;100.62;104.99;100.5;104.7;+3.89
2022-08-30;104.65;105.24;98.28;100.15;-4.35
2022-08-31;100;100.63;95.96;96.51;-3.63
2022-09-01;96.73;97.19;93.31;93.66;-2.95
2022-09-02;94.19;96.78;94.16;94.69;+1.10
2022-09-05;95.87;98.33;95.53;96.7;+2.12
2022-09-06;96.53;97.2;93.53;94.05;-2.74
2022-09-07;93.97;94.98;88.52;88.84;-5.54
2022-09-08;88.96;90.93;88.31;89.55;+0.80
2022-09-09;89.72;94.2;89.6;93.26;+4.14
2022-09-12;93.42;96.11;92.13;95.16;+2.04
2022-09-13;95.12;96.41;91.95;94.27;-0.94
2022-09-14;94.31;96.65;92.76;95.38;+1.18
2022-09-15;95.44;95.44;90.81;91.5;-4.07
2022-09-16;91.19;93.39;90.97;92.34;+0.92
2022-09-19;92.54;93.15;89.07;92.23;-0.12
2022-09-20;92.74;93.57;90.34;91.38;-0.92
2022-09-21;91.21;93.98;89.78;90.45;-1.02
2022-09-22;90.34;93.23;89.73;90.7;+0.28
2022-09-23;90.73;91.22;85.86;86.86;-4.23
2022-09-26;87.04;87.67;83.62;83.92;-3.38
2022-09-27;83.97;86.94;83.94;85.58;+1.98
2022-09-28;86.02;89.38;84.08;89.09;+4.10
2022-09-29;88.84;89.87;87.3;88.5;-0.66
2022-09-30;88.62;89.73;86.08;86.39;-2.38
2022-10-03;88.95;90.84;88.1;89.7;+3.83
2022-10-04;89.8;93.41;89.78;92.77;+3.42
2022-10-05;92.84;94.94;91.94;94.67;+2.05
2022-10-06;94.66;95.94;93.69;95.86;+1.26
2022-10-07;95.79;99.54;94.86;99.48;+3.78
2022-10-10;98.78;99.5;96.44;96.84;-2.65
2022-10-11;96.62;97.25;93.88;94.56;-2.35
2022-10-12;94.47;95.91;92.31;93.12;-1.52
2022-10-13;93.14;95.61;91.78;95.34;+2.38
2022-10-14;95.12;95.78;91.94;92.31;-3.18
2022-10-17;92.88;93.76;91.38;92.47;+0.17
2022-10-18;92.55;93.15;89.26;91.09;-1.49
2022-10-19;91.27;93.31;89.84;93.02;+2.12
2022-10-20;92.71;95.21;92.35;93.06;+0.04
2022-10-21;92.78;94.2;91.41;93.92;+0.92
2022-10-24;94.07;94.72;91.53;93.83;-0.10
2022-10-25;93.83;94.87;92.07;93.66;-0.18
2022-10-26;93.39;96.59;92.68;96.47;+3.00
2022-10-27;96.4;97.62;95.48;96.95;+0.50
2022-10-28;96.88;97.14;95.24;96.42;-0.55
2022-10-31;96.25;96.39;93.46;94.81;-1.67
2022-11-01;94.48;97.54;94.27;96.67;+1.96
2022-11-02;96.78;98.41;95.92;97.44;+0.80
2022-11-03;97.16;97.83;96.04;96.36;-1.11
2022-11-04;96.31;100.65;96.1;100.47;+4.27
2022-11-07;98.47;101.21;98.47;99.5;-0.97
2022-11-08;99.78;99.86;96.45;96.49;-3.03
2022-11-09;96.66;97.09;93.68;93.81;-2.78
2022-11-10;93.91;95.67;93.07;94.65;+0.90
2022-11-11;95.05;98.25;94.98;97.19;+2.68
2022-11-14;97.95;98.09;93.53;93.53;-3.77
2022-11-15;93.76;96.78;92.59;94.75;+1.30
2022-11-16;94.91;95.77;92.65;93.57;-1.25
2022-11-17;93.66;93.79;90.41;90.84;-2.92
2022-11-18;91.19;91.45;86.59;88.67;-2.39
2022-11-21;88.37;88.4;82.93;88.36;-0.35
2022-11-22;88.29;90.45;87.9;88.86;+0.57
2022-11-23;89.01;90.06;84.7;85.23;-4.09
2022-11-24;85.59;86.1;84.75;85.81;+0.68
2022-11-25;86.12;87.63;84.4;84.69;-1.31
2022-11-28;84.09;85.31;81.47;83.94;-0.89
2022-11-29;83.91;87.34;83.91;85.59;+1.97
2022-11-30;85.44;88.04;85.09;87.28;+1.97
2022-12-01;87.36;89.98;86.9;87.87;+0.68
2022-12-02;87.47;88.53;85.81;86.53;-1.52
2022-12-05;87.52;88.97;83.05;83.49;-3.51
2022-12-06;83.71;84.17;79.18;80.22;-3.92
2022-12-07;80.22;80.94;77.39;77.81;-3.00
2022-12-08;77.78;79.59;76.18;76.89;-1.18
2022-12-09;77.12;77.85;75.52;77.03;+0.18
2022-12-12;77.31;78.93;75.59;78.38;+1.75
2022-12-13;78.54;81.62;78.44;80.74;+3.01
2022-12-14;80.59;83.47;80.44;83.12;+2.95
2022-12-15;83.03;83.48;81.14;81.72;-1.68
2022-12-16;81.66;82.06;78.57;79.45;-2.78
2022-12-19;79.89;81.08;78.83;80.31;+1.08
2022-12-20;80.45;81.09;78.48;79.92;-0.49
2022-12-21;80.13;82.71;79.73;82.43;+3.14
2022-12-22;82.68;84.02;81.04;82.03;-0.49
2022-12-23;82;84.36;81.56;84.22;+2.67
2022-12-27;84.82;85.79;83.91;84.93;+0.84
2022-12-28;84.63;84.87;82.24;83.47;-1.72
2022-12-29;83.32;83.56;81.6;83.44;-0.04
2022-12-30;83.43;85.72;82.63;85.72;+2.73
2023-01-03;85.55;86.75;81.57;82.12;-4.20
2023-01-04;82.17;82.47;77.54;77.88;-5.16
2023-01-05;78.06;79.76;77.41;78.69;+1.04
2023-01-06;78.83;80.37;77.87;78.32;-0.47
2023-01-09;78.72;81.18;78.69;79.65;+1.70
2023-01-10;79.47;80.72;78.65;79.48;-0.21
2023-01-11;79.33;82.84;79.16;82.78;+4.15
2023-01-12;82.74;84.45;82.23;83.66;+1.06
2023-01-13;83.75;85.34;83.35;85.28;+1.94
2023-01-16;85.06;85.16;83.75;84.03;-1.47
2023-01-17;84.03;86.7;83.92;86.59;+3.05
2023-01-18;86.22;87.73;84.27;84.48;-2.44
2023-01-19;84.16;86.73;83.67;86.26;+2.11
2023-01-20;86.37;87.69;85.5;87.55;+1.50
2023-01-23;87.08;89;86.88;88.08;+0.61
2023-01-24;88;88.65;85.91;86.53;-1.76
2023-01-25;86.48;87.04;85.52;86.28;-0.29
2023-01-26;86.45;88;85.8;87.48;+1.39
2023-01-27;87.45;88.63;85.54;86.11;-1.57
2023-01-30;87.14;87.25;84.28;84.55;-1.81
2023-01-31;84.67;85.79;83.18;85.54;+1.17
2023-02-01;85.54;86.22;82.39;83.08;-2.88
2023-02-02;83.35;83.62;81.27;82.14;-1.13
2023-02-03;82.32;84.2;79.65;79.74;-2.92
2023-02-06;80.04;81.44;79.12;81.42;+2.11
2023-02-07;81.26;84.14;81.21;84.09;+3.28
2023-02-08;84.1;85.16;83.54;85.06;+1.15
2023-02-09;85.01;85.5;83.09;84.09;-1.14
2023-02-10;84.23;86.9;83.94;86.47;+2.83
2023-02-13;86;86.94;85.11;85.81;-0.76
2023-02-14;85.94;86.43;84.15;85.27;-0.63
2023-02-15;85.19;85.85;83.92;85.31;+0.05
2023-02-16;85.24;86.21;84.61;84.81;-0.59
2023-02-17;84.64;84.88;81.81;82.97;-2.17
2023-02-20;83.19;84.31;82.75;83.88;+1.10
2023-02-21;83.86;84.2;82.55;82.78;-1.31
2023-02-22;82.81;83.25;80.58;80.61;-2.62
2023-02-23;80.6;82.72;80.59;82.45;+2.28
2023-02-24;82.6;83.35;81.03;83.16;+0.86
2023-02-27;83.34;83.5;81.66;82.35;-0.97
2023-02-28;82.27;84.23;82.09;83.38;+1.25
2023-03-01;83.2;84.73;82.85;84.63;+1.50
2023-03-02;84.49;85.33;84.07;84.59;-0.05
2023-03-03;84.84;86.22;82.6;86.22;+1.93
2023-03-06;85.7;86.55;84.55;86.46;+0.28
2023-03-07;86.41;86.94;83.03;83.28;-3.68
2023-03-08;83.22;83.78;82.25;82.67;-0.73
2023-03-09;82.77;84.17;81.6;81.72;-1.15
2023-03-10;81.63;83.27;80.9;82.89;+1.43
2023-03-13;83.3;83.46;78.5;80.8;-2.52
2023-03-14;80.73;81.05;77.02;77.64;-3.91
2023-03-15;77.94;78.85;71.8;74.5;-4.04
2023-03-16;74.44;75.62;72.03;74.75;+0.34
2023-03-17;74.79;75.76;74.55;75.46;+0.95
2023-03-20;72.46;73.94;72;73.94;-2.01
2023-03-21;73.72;75.47;72.9;75.28;+1.81
2023-03-22;75.23;77.18;74.59;75.84;+0.74
2023-03-23;75.95;77.5;75.22;75.53;-0.41
2023-03-24;75.56;76.36;72.75;75.01;-0.69
2023-03-27;75.41;78.42;74.81;78.19;+4.24
2023-03-28;78.24;79.1;77.52;78.81;+0.79
2023-03-29;78.91;79.4;77.71;77.91;-1.14
2023-03-30;77.85;79.23;77.56;78.92;+1.30
2023-03-31;78.91;80.3;78.22;80.23;+1.66
2023-04-03;85.34;85.72;83.86;85.19;+6.18
2023-04-04;85.25;86.37;84.2;85.58;+0.46
2023-04-05;85.56;85.87;84.37;85.16;-0.49
2023-04-06;85.22;85.77;84.38;85.15;-0.01
2023-04-10;85.5;85.79;84.36;84.53;-0.73
2023-04-11;84.47;85.92;84;85.82;+1.53
2023-04-12;85.81;87.72;85.65;87.44;+1.89
2023-04-13;87.43;87.69;86.28;86.5;-1.08
2023-04-14;86.4;87.08;85.77;86.69;+0.22
2023-04-17;86.56;86.69;84.54;85;-1.95
2023-04-18;84.89;85.56;83.97;85;0.00
2023-04-19;84.97;85.28;82.55;82.99;-2.36
2023-04-20;82.95;83.03;80.89;80.91;-2.51
2023-04-21;80.9;82.15;80.56;81.88;+1.20
2023-04-24;81.69;83.13;80.63;82.73;+1.04
2023-04-25;82.72;83.2;80.55;80.91;-2.20
2023-04-26;81.12;81.68;77.81;78.11;-3.46
2023-04-27;78.09;78.83;77.66;78.59;+0.61
2023-04-28;78.55;80.81;77.8;80.58;+2.53
2023-05-01;79.92;80.13;78.39;79.64;-1.17
2023-05-02;79.53;80.04;75.33;75.45;-5.26
2023-05-03;75.52;75.78;71.94;72.14;-4.39
2023-05-04;71.66;73.95;71.65;72.75;+0.85
2023-05-05;72.87;75.97;72.63;75.53;+3.82
2023-05-08;75.54;77.63;75.15;76.8;+1.68
2023-05-09;77;77.69;75.29;77.47;+0.87
2023-05-10;77.55;77.78;75.88;76.75;-0.93
2023-05-11;76.85;77.59;74.8;75.61;-1.49
2023-05-12;75.47;76.01;74.2;74.36;-1.65
2023-05-15;74.31;75.89;73.63;75.68;+1.78
2023-05-16;75.68;76.08;74.64;74.86;-1.08
2023-05-17;74.77;77.43;74.23;76.9;+2.73
2023-05-18;76.89;77.09;75.62;76.07;-1.08
2023-05-19;76.14;77.57;75.24;75.89;-0.24
2023-05-22;75.82;76.55;74.66;76.03;+0.18
2023-05-23;76.28;77.81;75.73;77.62;+2.09
2023-05-24;77.79;78.72;77.18;78.47;+1.10
2023-05-25;78.46;78.6;75.32;76.36;-2.69
2023-05-26;76.24;77.53;75.88;77.42;+1.39
2023-05-29;77.71;78.02;76.36;77.28;-0.18
2023-05-30;77.16;77.77;73.5;74.03;-4.21
2023-05-31;73.97;74.12;71.68;72.31;-2.32
2023-06-01;72.39;75.42;72.2;74.47;+2.99
2023-06-02;74.44;76.67;74.35;76.47;+2.69
2023-06-05;77.99;78.38;76.47;76.73;+0.34
2023-06-06;76.69;76.89;74.88;76.28;-0.59
2023-06-07;76.38;77.76;75.66;76.94;+0.87
2023-06-08;76.89;77.81;73.74;75.69;-1.62
2023-06-09;75.62;76.69;74.85;75.09;-0.79
2023-06-12;74.63;74.65;71.69;72.19;-3.86
2023-06-13;72.26;74.75;72.05;74.31;+2.94
2023-06-14;74.17;75.59;73.13;73.72;-0.79
2023-06-15;73.47;76.06;73.02;75.72;+2.71
2023-06-16;75.73;76.83;75.19;76.38;+0.87
2023-06-19;76.18;77;75.42;76.19;-0.25
2023-06-20;76.17;77.2;74.59;75.52;-0.88
2023-06-21;75.59;77.3;75.59;77.05;+2.03
2023-06-22;77.06;77.24;73.65;74.28;-3.60
2023-06-23;74.06;74.38;72.18;74.28;0.00
2023-06-26;74.7;74.88;73.5;74.35;+0.09
2023-06-27;74.33;74.97;72.23;72.69;-2.23
2023-06-28;72.68;74.31;71.75;73.75;+1.46
2023-06-29;73.85;75.04;73.49;74.31;+0.76
2023-06-30;74.27;75.71;74.18;75.09;+1.05
2023-07-03;75.09;76.49;74.48;74.86;-0.31
2023-07-04;74.82;76.18;74.66;76.02;+1.55
2023-07-05;75.9;76.85;75.22;76.44;+0.55
2023-07-06;76.58;77;74.95;76.44;0.00
2023-07-07;76.43;78.44;75.96;78.22;+2.33
2023-07-10;78.15;78.69;77.36;77.75;-0.60
2023-07-11;77.75;79.42;77.56;79.28;+1.97
2023-07-12;79.27;80.43;79.15;80.11;+1.05
2023-07-13;80.13;81.67;79.83;81.47;+1.70
2023-07-14;81.6;81.63;79.51;79.64;-2.25
2023-07-17;79.28;80.54;78.21;78.52;-1.41
2023-07-18;78.5;79.95;78.16;79.8;+1.63
2023-07-19;79.77;80.89;79.14;79.5;-0.38
2023-07-20;79.28;80.2;78.64;79.56;+0.08
2023-07-21;79.77;81.2;79.62;80.7;+1.43
2023-07-24;80.5;83.11;80.4;82.72;+2.50
2023-07-25;82.78;83.67;82.15;83.09;+0.45
2023-07-26;83.1;83.62;82.41;82.8;-0.35
2023-07-27;82.93;84.28;82.79;83.59;+0.95
2023-07-28;83.44;84.69;83.04;84.67;+1.29
2023-07-31;84.41;85.75;84.09;85.45;+0.92
2023-08-01;85.41;86.02;84.47;85.92;+0.55
2023-08-02;86;86.15;82.9;83.44;-2.89
2023-08-03;83.63;85.57;82.52;85.39;+2.34
2023-08-04;85.47;86.8;85.22;86.16;+0.90
2023-08-07;86.59;86.82;85.19;86.03;-0.15
2023-08-08;85.91;86.47;83.47;86.28;+0.29
2023-08-09;86.13;87.77;86.05;87.61;+1.54
2023-08-10;87.48;88.21;86.33;86.45;-1.32
2023-08-11;86.49;87.45;85.97;86.71;+0.30
2023-08-14;86.58;86.79;85.61;86.33;-0.44
2023-08-15;86.22;86.76;84.4;85.13;-1.39
2023-08-16;85.14;85.44;83.23;83.47;-1.95
2023-08-17;83.28;84.95;83.14;83.96;+0.59
2023-08-18;83.91;85.14;83.41;84.91;+1.13
2023-08-21;84.75;85.9;84.38;84.64;-0.32
2023-08-22;84.47;84.71;83.91;83.94;-0.83
2023-08-23;83.96;84.3;82.02;83.09;-1.01
2023-08-24;83.01;83.66;82.04;83.17;+0.10
2023-08-25;83.15;84.81;82.65;84.55;+1.66
2023-08-28;84.65;84.77;83.97;84.1;-0.53
2023-09-06;90.46;91.4;89.72;90.91;+8.10
2023-09-07;91.04;91.18;89.77;90.05;-0.95
2023-09-08;90.07;91.29;89.57;90.72;+0.74
2023-09-11;90.58;91.69;90.35;90.84;+0.13
2023-09-12;90.86;92.64;90.75;92.16;+1.45
2023-09-13;92.25;93.06;91.85;92.41;+0.27
2023-09-14;92.25;94.42;92.23;94.34;+2.09
2023-09-15;94.17;94.82;92.88;94.45;+0.12
2023-09-18;94.19;95.1;93.95;94.71;+0.28
2023-09-19;94.84;96.08;94.33;94.53;-0.19
2023-09-20;94.59;94.84;92.9;93.31;-1.29
2023-09-21;93.2;94.71;92.32;93.35;+0.04
2023-09-22;93.47;94.65;92.88;93.53;+0.19
2023-09-25;93.72;93.91;92.39;93.09;-0.47
2023-09-26;93.01;93.85;91.54;93.64;+0.59
2023-09-27;93.68;95.92;93.68;95.48;+1.96
2023-09-28;95.59;96.47;93.88;94.23;-1.31
2023-09-29;94.11;95.2;93.03;93.19;-1.10
2023-10-02;93.47;94.29;91.3;91.38;-1.94
2023-10-03;91.28;92.47;90.46;91.97;+0.65
2023-10-04;91.91;92.09;86.6;86.86;-5.56
2023-10-05;86.68;87.31;84.64;84.97;-2.18
2023-10-06;85.28;85.69;84.26;85.19;+0.26
2023-10-09;88.1;89.71;87.12;88.95;+4.41
2023-10-10;88.84;89.16;87.61;88.33;-0.70
2023-10-11;88.38;88.88;85.85;86.12;-2.50
2023-10-12;86.11;88.23;85.78;86.85;+0.85
2023-10-13;86.99;91.58;86.84;91.54;+5.40
2023-10-16;91.32;91.88;90;90.63;-0.99
2023-10-17;90.35;91.42;89.35;91.34;+0.78
2023-10-18;91.81;93.45;91.07;91.8;+0.50
2023-10-19;91.72;93.91;89.98;93.4;+1.74
2023-10-20;93.63;94.17;92.08;92.81;-0.63
2023-10-23;92.08;92.73;89.91;90.75;-2.22
2023-10-24;90.75;90.92;87.75;88.53;-2.45
2023-10-25;88.5;90.65;87.09;90.41;+2.12
2023-10-26;90.16;90.58;87.8;88.57;-2.04
2023-10-27;88.67;90.7;88.06;90.13;+1.76
2023-10-30;89.5;89.93;86.95;87.75;-2.64
2023-10-31;87.76;88.5;85.85;86.5;-1.42
2023-11-01;86.52;88.31;85.63;86.07;-0.50
2023-11-02;86.02;88.08;85.66;87.84;+2.06
2023-11-03;87.94;88.79;85.56;86.13;-1.95
2023-11-06;86.16;87.34;85.97;86.01;-0.14
2023-11-07;85.98;85.98;82.17;82.2;-4.43
2023-11-08;82.09;82.72;79.95;80.5;-2.07
2023-11-09;80.4;82.16;80.16;80.56;+0.07
2023-11-10;80.53;82.76;80.52;82.24;+2.09
2023-11-13;81.81;83.44;81;83.28;+1.26
2023-11-14;83.29;84.56;82.64;82.91;-0.44
2023-11-15;82.94;83.57;81.32;81.58;-1.60
2023-11-16;81.41;81.66;77.08;77.92;-4.49
2023-11-17;78.04;81.26;77.72;81.07;+4.04
2023-11-20;81.17;83.3;80.85;82.37;+1.60
2023-11-21;82.52;82.87;81.76;82.72;+0.42
2023-11-22;82.77;82.94;78.71;81.95;-0.93
2023-11-23;81.81;81.84;80.48;81.47;-0.59
2023-11-24;81.62;82.39;80.41;80.5;-1.19
2023-11-27;81;81.41;79.41;80.35;-0.19
2023-11-28;80.5;82.29;80.03;81.79;+1.79
2023-11-29;82.02;83.31;81.05;82.98;+1.45
2023-11-30;82.94;84.93;80.33;80.69;-2.76
2023-12-01;81.04;81.81;79.05;79.44;-1.55
2023-12-04;79.84;79.85;77.79;78.47;-1.22
2023-12-05;78.37;79.34;77.25;77.25;-1.55
2023-12-06;77.4;77.88;74.34;74.51;-3.55
2023-12-07;74.69;75.67;73.83;74.78;+0.36
2023-12-08;74.81;76.58;74.41;76.1;+1.77
2023-12-11;76.09;76.66;75.19;76.27;+0.22
2023-12-12;76.31;76.82;73.05;73.48;-3.66
2023-12-13;73.4;74.84;72.48;74.75;+1.73
2023-12-14;74.86;77.49;74.6;76.77;+2.70
2023-12-15;76.79;77.37;75.47;77.06;+0.38
2023-12-18;77.44;79.62;75.88;78.1;+1.35
2023-12-19;78.16;79.75;77.57;79.39;+1.65
2023-12-20;79.34;80.69;79.17;79.25;-0.18
2023-12-21;79.11;80.22;77.96;79.36;+0.14
2023-12-22;79.31;80.25;78.8;79.05;-0.39
2023-12-26;79.04;81.59;78.63;80.78;+2.19
2023-12-27;80.69;81.15;79.38;79.42;-1.68
2023-12-28;79.7;80;77.23;77.64;-2.24
2023-12-29;77.48;78.1;76.89;77.19;-0.58
2024-01-02;77.55;79.17;75.72;76.17;-1.32
2024-01-03;76.1;78.78;74.9;78.55;+3.12
2024-01-04;78.65;79.5;76.62;77.81;-0.94
2024-01-05;77.76;79.35;77.75;78.97;+1.49
2024-01-08;78.89;78.94;75.36;76.32;-3.36
2024-01-09;76.44;78.27;76.04;77.58;+1.65
2024-01-10;77.68;78.8;76.48;76.85;-0.94
2024-01-11;76.76;79.17;76.75;78.56;+2.23
2024-01-12;78.84;80.84;78.07;78.47;-0.11
2024-01-15;78.25;78.95;76.92;78.66;+0.24
2024-01-16;78.47;79.45;77.68;77.99;-0.85
2024-01-17;77.84;78.24;76.57;78.16;+0.22
2024-01-18;78.22;79.35;77.44;79;+1.07
2024-01-19;79.15;79.78;78.4;78.75;-0.32
2024-01-22;78.42;80.59;77.85;79.91;+1.47
2024-01-23;79.97;80.46;78.74;79.78;-0.16
2024-01-24;79.63;80.8;79.11;80.34;+0.70
2024-01-25;80.39;82.55;80.14;82.3;+2.44
2024-01-26;82.41;83.65;81.25;83.64;+1.63
2024-01-29;84.3;84.34;81.9;82.4;-1.48
2024-01-30;82.49;83.24;81.24;82.84;+0.53
2024-01-31;83;83.03;80.69;81.06;-2.15
2024-02-01;80.87;81.93;78.99;79.22;-2.27
2024-02-02;79.53;79.8;77.24;77.8;-1.79
2024-02-05;78.22;78.64;76.95;78.23;+0.55
2024-02-06;78.26;79.36;77.97;79.06;+1.06
2024-02-07;79.02;79.78;78.79;79.7;+0.81
2024-02-08;79.56;82.19;79.32;82.03;+2.92
2024-02-09;81.97;82.73;81.5;82.24;+0.26
2024-02-12;82.09;82.43;81.02;82.3;+0.07
2024-02-13;82.25;83.46;82.18;82.86;+0.68
2024-02-14;82.75;83.81;81.61;81.64;-1.47
2024-02-15;81.62;83.45;80.93;83;+1.67
2024-02-16;82.95;83.85;82.09;83.47;+0.57
2024-02-19;82.97;83.75;82.71;83.52;+0.06
2024-02-20;83.39;83.77;82.2;82.66;-1.03
2024-02-21;82.59;83.28;81.79;83.26;+0.73
2024-02-22;83.31;83.98;82.47;83.53;+0.32
2024-02-23;83.49;83.59;81.67;81.92;-1.93
2024-02-26;81.65;83.09;81.13;82.64;+0.88
2024-02-27;82.69;83.67;82.17;83.16;+0.63
2024-02-28;83.25;84.02;82.46;82.71;-0.54
2024-02-29;82.71;83.7;82.38;82.86;+0.18
2024-03-01;82.93;85.19;82.65;84.23;+1.65
2024-03-04;84.37;84.84;83.34;83.57;-0.78
2024-03-05;83.46;83.85;82.44;82.74;-0.99
2024-03-06;82.72;84.75;82.55;83.58;+1.02
2024-03-07;83.61;84.17;82.74;84.04;+0.55
2024-03-08;83.81;84.48;82.34;82.5;-1.83
2024-03-11;82.39;83.28;81.62;83;+0.61
2024-03-12;82.97;83.53;82.2;82.87;-0.16
2024-03-13;82.83;84.71;82.47;84.42;+1.87
2024-03-14;84.52;86.13;84.44;85.59;+1.39
2024-03-15;85.59;85.99;85.06;85.73;+0.16
2024-03-18;85.66;87.53;85.6;87.28;+1.81
2024-03-19;87.27;88.02;86.81;87.47;+0.22
2024-03-20;87.42;87.63;85.87;86.41;-1.21
2024-03-21;86.53;86.88;85.34;85.79;-0.72
2024-03-22;85.89;86.36;85.37;85.75;-0.05
2024-03-25;85.78;87.25;85.67;86.83;+1.26
2024-03-26;86.89;87.14;85.92;85.97;-0.99
2024-03-27;86;86.39;85.27;86.36;+0.45
2024-03-28;86.39;87.72;86.18;87.64;+1.48
2024-04-01;87.56;88.59;87.01;88.39;+0.86
2024-04-02;88.22;89.89;88.22;89.83;+1.63
2024-04-03;89.82;90.56;89.25;90.11;+0.31
2024-04-04;90.07;91.85;89.28;91.66;+1.72
2024-04-05;91.72;92.46;91.12;91.47;-0.21
2024-04-08;90.57;91.58;89.27;91.08;-0.43
2024-04-09;91.12;91.4;89.73;90.02;-1.16
2024-04-10;89.93;91.14;89.29;91.08;+1.18
2024-04-11;90.99;91.34;89.8;90.59;-0.54
2024-04-12;90.53;92.58;90.44;90.6;+0.01
2024-04-15;90.84;90.99;89.08;90.72;+0.13
2024-04-16;90.78;91.15;89.73;90.36;-0.40
2024-04-17;90.38;90.45;87.42;87.69;-2.95
2024-04-18;87.68;88.06;86.35;87.16;-0.60
2024-04-19;87.31;90.99;86.44;87.44;+0.32
2024-04-22;87.14;87.43;85.97;87.34;-0.11
2024-04-23;87.33;88.56;86.22;88.48;+1.31
2024-04-24;88.51;88.78;87.74;88.14;-0.38
2024-04-25;87.95;89.09;87.28;89.06;+1.04
2024-04-26;89.03;89.67;88.66;89.16;+0.11
2024-04-29;88.51;88.61;86.89;87.19;-2.21
2024-04-30;87.1;87.7;85.37;85.84;-1.55
2024-05-01;85.73;85.77;83.19;83.41;-2.83
2024-05-02;83.44;84.28;82.93;83.62;+0.25
2024-05-03;83.81;84.22;82.69;82.7;-1.10
2024-05-06;83.07;83.66;82.63;83.37;+0.81
2024-05-07;83.56;83.65;82.29;82.94;-0.52
2024-05-08;82.87;83.6;81.57;83.55;+0.74
2024-05-09;83.54;84.06;83.23;83.92;+0.44
2024-05-10;84;84.26;82.5;82.52;-1.67
2024-05-13;82.35;83.59;82.04;83.2;+0.82
2024-05-14;83.13;83.35;81.89;82.48;-0.87
2024-05-15;82.47;82.79;80.86;82.69;+0.25
2024-05-16;82.76;83.47;82.05;83.16;+0.57
2024-05-17;83.18;83.79;82.85;83.71;+0.66
2024-05-20;83.56;84.26;82.97;83.5;-0.25
2024-05-21;83.57;83.57;81.97;82.41;-1.31
2024-05-22;82.5;82.53;81.44;81.45;-1.16
2024-05-23;81.44;82.73;80.74;81.23;-0.27
2024-05-24;81.1;82.19;80.47;81.95;+0.89
2024-05-27;81.97;82.97;81.88;82.83;+1.07
2024-05-28;82.8;84.44;82.77;84.34;+1.82
2024-05-29;84.32;84.69;83.12;83.4;-1.11
2024-05-30;83.31;83.53;81.82;81.88;-1.82
2024-05-31;81.68;82.64;80.73;81.31;-0.70
2024-06-03;80.75;81.61;78.08;78.09;-3.96
2024-06-04;78.09;78.19;76.75;77.14;-1.22
2024-06-05;77.25;78.5;77.12;78.48;+1.74
2024-06-06;78.63;79.94;78.29;79.85;+1.75
2024-06-07;79.91;80.23;79.22;79.42;-0.54
2024-06-10;79.31;81.97;79.31;81.93;+3.16
2024-06-11;81.77;82.16;81.04;81.95;+0.02
2024-06-12;81.85;83.1;81.75;82.14;+0.23
2024-06-13;82.13;82.78;81.57;81.85;-0.35
2024-06-14;81.79;83.09;81.69;82.23;+0.46
2024-06-17;82.09;84.02;81.75;84;+2.15
2024-06-18;83.91;84.89;83.16;84.81;+0.96
2024-06-19;84.75;85.15;84.33;84.59;-0.26
2024-06-20;84.56;85.26;84.32;84.88;+0.34
2024-06-21;84.81;85.39;84.05;84.32;-0.66
2024-06-24;83.94;85.32;83.94;85.3;+1.16
2024-06-25;85.24;85.37;83.97;84.12;-1.38
2024-06-26;84.06;85;83.71;84.46;+0.40
2024-06-27;84.16;85.52;84.06;85.21;+0.89
2024-06-28;85.26;86.06;84.44;84.81;-0.47
2024-07-01;85.03;86.71;84.93;86.5;+1.99
2024-07-02;86.47;87.24;86;86.41;-0.10
2024-07-03;86.2;87.18;85.7;86.86;+0.52
2024-07-04;86.87;87.32;86.28;87.3;+0.51
2024-07-05;87.14;87.64;86.22;86.6;-0.80
2024-07-08;86.44;86.44;85.27;85.38;-1.41
2024-07-09;85.37;85.53;84.21;84.68;-0.82
2024-07-10;84.52;85.23;83.64;84.99;+0.37
2024-07-11;85;85.44;84.2;85.11;+0.14
2024-07-12;85.13;85.71;84.44;84.49;-0.73
2024-07-15;84.51;84.68;83.87;84.34;-0.18
2024-07-16;84.12;84.21;82.72;83.13;-1.43
2024-07-17;83.03;84.41;82.8;84.4;+1.53
2024-07-18;84.4;84.96;83.45;83.96;-0.52
2024-07-19;83.79;84.44;81.75;81.82;-2.55
2024-07-22;82.19;82.33;80.8;81.44;-0.46
2024-07-23;81.43;81.91;79.79;80.7;-0.91
2024-07-24;80.57;81.37;80.17;80.71;+0.01
2024-07-25;80.68;81.6;79.32;81.53;+1.02
2024-07-26;81.47;81.71;79.43;79.66;-2.29
2024-07-29;80.5;80.84;78.62;79.1;-0.70
2024-07-30;78.82;79.14;77.91;78.46;-0.81
2024-07-31;78.48;81.5;78.4;81.46;+3.82
2024-08-01;81.35;81.66;79.38;79.97;-1.83
2024-08-02;79.81;80.32;76.31;77.3;-3.34
2024-08-05;77.15;77.29;74.95;77.13;-0.22
2024-08-06;77.26;77.71;75.5;76.22;-1.18
2024-08-07;76.07;78.62;75.8;78.25;+2.66
2024-08-08;78.33;79.07;77.38;78.74;+0.63
2024-08-09;78.78;79.47;78.47;79.43;+0.88
2024-08-12;79.15;81.91;79.1;81.49;+2.59
2024-08-13;81.43;81.79;80.14;80.5;-1.21
2024-08-14;80.56;80.95;79.19;79.45;-1.30
2024-08-15;79.47;80.88;79.15;80.42;+1.22
2024-08-16;80.3;80.41;78.13;79.09;-1.65
2024-08-19;78.84;79.21;77.1;77.41;-2.12
2024-08-20;77.23;77.86;76.22;76.68;-0.94
2024-08-21;76.62;77.64;75.21;75.66;-1.33
2024-08-22;75.47;77.11;75.3;76.6;+1.24
2024-08-23;76.66;78.45;76.44;78.3;+2.22
2024-08-26;78.73;80.58;78.6;80.18;+2.40
2024-08-27;80.19;80.47;78.56;78.9;-1.60
2024-08-28;78.91;79.07;77.12;77.39;-1.91
2024-08-29;77.39;79.47;76.94;78.88;+1.93
2024-08-30;78.55;79.38;76.6;76.94;-2.46
2024-09-02;76.22;77.47;76.1;77.15;+0.27
2024-09-03;76.94;77.37;73.43;73.51;-4.72
2024-09-04;73.56;74.65;72.24;72.57;-1.28
2024-09-05;72.6;74.02;72.26;72.71;+0.19
2024-09-06;72.69;73.37;70.49;71.36;-1.86
2024-09-09;71.53;72.04;70.49;71.76;+0.56
2024-09-10;71.7;72.04;68.52;69.52;-3.12
2024-09-11;69.5;70.82;68.79;70.47;+1.37
2024-09-12;70.37;72.52;70.37;71.87;+1.99
2024-09-13;71.97;72.83;71.13;71.76;-0.15
2024-09-16;71.32;72.94;71.12;72.55;+1.10
2024-09-17;72.5;73.76;71.79;73.19;+0.88
2024-09-18;73.16;73.5;71.81;72.35;-1.15
2024-09-19;72.59;74.5;72.31;74.14;+2.47
2024-09-20;74.04;74.27;73.33;74.04;-0.13
2024-09-23;73.85;74.5;72.49;73.59;-0.61
2024-09-24;73.47;75.16;73.31;74.52;+1.26
2024-09-25;74.46;74.67;72.53;73.06;-1.96
2024-09-26;72.82;73.27;70.28;70.84;-3.04
2024-09-27;70.73;71.96;70.44;71.96;+1.58
2024-09-30;71.65;72.75;71.01;71.81;-0.21
2024-10-01;71.84;75.35;69.89;74.35;+3.54
2024-10-02;74.42;76.03;73.53;74.62;+0.36
2024-10-03;74.5;77.84;74.23;77.44;+3.78
2024-10-04;77.61;79.06;77.24;77.9;+0.59
2024-10-07;77.31;80.95;77.19;80.86;+3.80
2024-10-08;80.75;80.9;76.22;77.36;-4.33
2024-10-09;77.37;77.81;75.03;76.53;-1.07
2024-10-10;76.53;79.44;76.52;78.85;+3.03
2024-10-11;78.92;79.22;77.79;78.66;-0.24
2024-10-14;77.38;78.04;75.24;75.34;-4.22
2024-10-15;74.99;75.35;73.18;74.48;-1.14
2024-10-16;74.44;74.65;73.21;74.22;-0.35
2024-10-17;74.28;74.61;72.98;74.18;-0.05
2024-10-18;74.23;74.6;72.23;72.89;-1.74
2024-10-21;72.88;74.28;72.6;73.73;+1.15
2024-10-22;73.93;75.98;73.29;75.23;+2.03
2024-10-23;75.39;75.69;74.14;74.92;-0.41
2024-10-24;75.07;76.12;73.68;74.24;-0.91
2024-10-25;74.38;75.75;73.85;75.56;+1.78
2024-10-28;72.62;72.69;70.84;71.62;-5.21
2024-10-29;71.53;72.09;70.28;71.03;-0.82
2024-10-30;70.95;72.71;70.81;72.66;+2.29
2024-10-31;72.5;74.22;71.78;74.02;+1.87
2024-11-01;74.11;74.86;72.83;72.86;-1.57
2024-11-04;74.06;75.29;73.85;75.23;+3.25
2024-11-05;74.91;76.11;74.79;75.35;+0.16
2024-11-06;75.05;75.84;73.24;75.06;-0.38
2024-11-07;74.86;75.91;73.97;75.41;+0.47
2024-11-08;75.36;75.46;73.32;73.84;-2.08
2024-11-11;73.68;73.98;71.52;71.83;-2.72
2024-11-12;71.87;72.69;71.47;71.61;-0.31
2024-11-13;71.69;72.48;70.63;71.76;+0.21
2024-11-14;72.03;73.01;71.6;72.25;+0.68
2024-11-15;72.12;72.29;70.68;70.87;-1.91
2024-11-18;70.7;73.27;70.68;73.02;+3.03
2024-11-19;72.91;73.66;72.45;73.08;+0.08
2024-11-20;73.1;73.66;72.46;72.82;-0.36
2024-11-21;72.81;74.04;72.63;73.87;+1.44
2024-11-22;73.81;74.9;73.01;74.61;+1.00
2024-11-25;74.72;74.82;72.36;72.63;-2.65
2024-11-26;72.2;73.77;71.64;72.51;-0.17
2024-11-27;72.31;72.83;71.7;72.35;-0.22
2024-11-28;72.28;72.92;71.83;72.64;+0.40
2024-11-29;72.42;73.28;71.98;72.36;-0.39
2024-12-02;72.07;72.82;71.48;71.86;-0.69
2024-12-03;71.88;73.8;71.62;73.53;+2.32
2024-12-04;73.54;74.14;72.16;72.3;-1.67
2024-12-05;72.43;72.75;71.69;72.01;-0.40
2024-12-06;71.98;72.03;70.73;70.92;-1.51
2024-12-09;71.08;72.5;70.91;71.78;+1.21
2024-12-10;71.77;72.56;71.4;71.92;+0.20
2024-12-11;72.03;73.52;72.03;73.39;+2.04
2024-12-12;73.41;73.73;72.22;73.17;-0.30
2024-12-13;73.16;74.34;73.09;74.08;+1.24
2024-12-16;74.16;74.16;73.46;73.62;-0.62
2024-12-17;73.63;73.89;72.26;73.05;-0.77
2024-12-18;73;73.89;72.5;72.58;-0.64
2024-12-19;72.62;73.52;72.22;72.31;-0.37
2024-12-20;72.19;72.92;71.65;72.65;+0.47
2024-12-23;72.68;73.03;71.71;72.68;+0.04
2024-12-24;72.6;73.41;72.47;73.14;+0.63
2024-12-26;73.38;73.73;72.57;72.86;-0.38
2024-12-27;72.66;73.89;72.62;73.38;+0.71
2024-12-30;73.6;74.44;73.34;74.06;+0.93
2024-12-31;74.2;74.81;73.78;74.59;+0.72
2025-01-02;74.88;76.44;74.65;75.79;+1.61
2025-01-03;75.91;76.57;75.41;76.45;+0.87
2025-01-06;76.48;77.29;75.78;76.04;-0.54
2025-01-07;75.98;77.06;75.72;76.93;+1.17
2025-01-08;77.09;77.61;75.81;75.94;-1.29
2025-01-09;75.89;76.97;75.44;76.97;+1.36
2025-01-10;76.95;80.25;76.71;79.22;+2.92
2025-01-14;80.16;80.37;79.2;79.75;+0.67
2025-01-15;79.54;81.76;79.04;81.62;+2.34
2025-01-16;81.47;81.6;79.55;80.42;-1.47
2025-01-17;80.5;80.91;79.68;79.91;-0.63
2025-01-20;80.15;80.33;78.7;79.15;-0.95
2025-01-21;78.94;79.62;77.86;78.68;-0.59
2025-01-22;78.63;79.09;78.1;78.26;-0.53
2025-01-23;78.12;78.9;77.22;77.31;-1.21
2025-01-24;77.23;78.16;76.99;77.55;+0.31
2025-01-27;77.07;78;75.56;76.15;-1.81
2025-01-28;76.18;77.18;75.93;76.57;+0.55
2025-01-29;76.53;76.6;75.32;75.84;-0.95
2025-01-30;75.69;76.51;74.91;76.09;+0.33
2025-01-31;76;76.37;75.07;76.32;+0.30
2025-02-03;76.21;77.07;74.92;75.38;-1.23
2025-02-04;75.24;76.49;74.01;75.96;+0.77
2025-02-05;76;76.14;74.43;74.49;-1.94
2025-02-06;74.5;75.19;73.96;74.1;-0.52
2025-02-07;74.1;74.91;74.09;74.7;+0.81
2025-02-10;74.42;75.87;74.35;75.84;+1.53
2025-02-11;75.82;77.04;75.68;76.85;+1.33
2025-02-12;76.85;76.88;74.95;75.02;-2.38
2025-02-13;75.02;75.16;73.9;74.9;-0.16
2025-02-14;74.88;75.73;74.4;74.57;-0.44
2025-02-17;74.49;75.39;74;75.31;+0.99
2025-02-18;75.41;75.97;74.69;75.51;+0.27
2025-02-19;75.51;76.52;75.44;75.75;+0.32
2025-02-20;75.72;76.77;75.42;76.16;+0.54
2025-02-21;76.16;76.74;73.83;73.83;-3.06
2025-02-24;73.83;74.71;73.74;74.32;+0.66
2025-02-25;74.31;74.9;72.22;72.57;-2.35
2025-02-26;72.59;73.27;71.93;72.26;-0.43
2025-02-27;72.26;73.62;72.06;73.49;+1.70
2025-02-28;73.49;73.49;72.28;73.03;-0.63
2025-03-03;72.92;73.57;71.1;71.34;-2.31
2025-03-04;71.35;71.51;69.66;71.04;-0.42
2025-03-05;71.06;71.19;68.24;69.24;-2.53
2025-03-06;69.25;69.86;68.61;69.44;+0.29
2025-03-07;69.41;71.36;69.13;70.38;+1.35
2025-03-10;70.1;70.69;68.85;69;-1.96
2025-03-11;69.01;70.2;68.41;69.53;+0.77
2025-03-12;69.53;70.99;69.03;70.71;+1.70
2025-03-13;70.7;71.24;69.34;69.55;-1.64
2025-03-14;69.56;70.73;69.55;70.23;+0.98
2025-03-17;70.65;71.56;70.33;70.69;+0.65
2025-03-18;70.69;72.12;70.07;70.28;-0.58
2025-03-19;70.28;70.92;69.61;70.55;+0.38
2025-03-20;70.55;71.91;70.19;71.74;+1.69
2025-03-21;71.73;72.54;71.09;72.17;+0.60
2025-03-24;71.77;73.11;71.32;72.57;+0.55
2025-03-25;72.56;73.51;71.91;73.13;+0.77
2025-03-26;73.14;74.16;72.47;73.12;-0.01
2025-03-27;73.13;73.88;72.23;73.19;+0.10
2025-03-28;73.19;73.45;71.57;72.41;-1.07
2025-03-31;72.74;74.92;72.18;74.58;+3.00
2025-04-01;74.58;75.23;73.86;74.31;-0.36
2025-04-02;74.3;75.1;73.17;74.87;+0.75
2025-04-03;74.85;75.25;69.28;69.75;-6.84
2025-04-04;69.76;70.01;63.74;65.95;-5.45
2025-04-07;64.08;67.41;62.36;64.4;-2.35
2025-04-08;64.44;65.16;61.09;61.54;-4.44
2025-04-09;61.55;65.84;58.22;65.78;+6.89
2025-04-10;65.81;66.23;61.78;63.53;-3.42
2025-04-11;63.45;65;62.39;64.71;+1.86
2025-04-14;64.89;65.9;63.41;64.94;+0.36
2025-04-15;64.93;65.34;63.52;64.9;-0.06
2025-04-16;64.86;66.13;63.33;65.97;+1.65
2025-04-17;66.01;68.13;65.28;67.68;+2.59
2025-04-21;67.78;67.78;65.01;66.52;-1.71
2025-04-22;66.6;68.01;65.72;67.33;+1.22
2025-04-23;67.76;68.63;64.69;66.15;-1.75
2025-04-24;66.22;67.03;65.02;66.51;+0.54
2025-04-25;66.57;67.18;64.66;67;+0.74
2025-04-28;66.15;67.37;64.23;64.62;-3.55
2025-04-29;64.56;65.81;62.99;63;-2.51
2025-04-30;63.07;63.75;60.76;61.11;-3.00
2025-05-01;61.14;62.36;59.27;61.85;+1.21
2025-05-02;61.88;62.67;60.61;61.43;-0.68
2025-05-05;59.25;60.77;58.45;60.34;-1.77
2025-05-06;60.28;62.67;60.07;62.03;+2.80
2025-05-07;62.07;63.21;60.8;60.96;-1.72
2025-05-08;60.93;63.21;60.78;63.21;+3.69
2025-05-09;63.25;64.14;62.72;63.92;+1.12
2025-05-12;64.01;66.38;63.66;64.94;+1.60
2025-05-13;64.92;66.8;64.41;66.55;+2.48
2025-05-14;66.52;66.59;65.4;65.81;-1.11
2025-05-15;65.76;65.84;63.28;64.6;-1.84
2025-05-16;64.63;65.54;63.87;65.39;+1.22
2025-05-19;64.86;66.01;64.01;65.55;+0.24
2025-05-20;65.57;65.74;64.47;65.62;+0.11
2025-05-21;65.61;67.49;64.21;64.65;-1.48
2025-05-22;64.64;65.02;63.21;64.06;-0.91
2025-05-23;64.02;65.04;62.86;65.02;+1.50
2025-05-26;64.43;65.41;63.37;64.77;-0.38
2025-05-27;64.1;65.13;62.42;64.27;-0.77
2025-05-28;64.32;65.43;63.04;64.32;+0.08
2025-05-29;64.28;66.13;62.58;63.36;-1.49
2025-05-30;63.29;64.19;61.31;61.99;-2.16
2025-06-02;63.24;65.71;63.1;65.11;+5.03
2025-06-03;65.03;65.94;63.85;65.6;+0.75
2025-06-04;65.61;65.95;63.85;64.22;-2.10
2025-06-05;64.91;65.85;64.02;64.65;+0.67
2025-06-06;65.2;66.67;64.25;66.65;+3.09
2025-06-09;66.35;67.13;65.39;67.1;+0.68
2025-06-10;67.11;68;65.76;66.57;-0.79
2025-06-11;66.57;69.92;65.75;69.92;+5.03
2025-06-12;70.36;70.61;67.93;70.26;+0.49
2025-06-13;70.27;78.35;69.92;74.56;+6.12
2025-06-16;76.81;78.48;69.97;72.99;-2.11
2025-06-17;72.81;77.08;72.05;76.89;+5.34
2025-06-18;77.19;77.43;73.44;76.21;-0.88
2025-06-19;76.22;79.02;74.77;77.22;+1.33
2025-06-20;77.21;77.61;74.31;77.27;+0.06
2025-06-23;80.01;81.4;69.27;70.13;-9.24
2025-06-24;70.6;70.73;65.99;67.79;-3.34
2025-06-25;67.92;68.53;66.21;67.61;-0.27
2025-06-26;67.75;69.04;66.23;66.68;-1.38
2025-06-27;66.81;68.39;66.09;66.39;-0.43
2025-06-30;66.22;68.1;65.82;66.56;+0.26
2025-07-01;66.59;67.48;66.2;67.2;+0.96
2025-07-02;67.21;69.2;66.75;69.13;+2.87
2025-07-03;69.02;69.12;68.04;68.58;-0.80
2025-07-04;68.53;68.8;67.46;68.29;-0.42
2025-07-07;67.22;69.93;66.97;69.54;+1.83
2025-07-08;69.54;70.64;68.62;69.57;+0.04
2025-07-09;69.9;70.68;69.12;70.13;+0.80
2025-07-10;70.19;70.49;68.04;68.86;-1.81
2025-07-11;68.99;70.69;68.01;70.69;+2.66
2025-07-14;70.1;71.51;68.51;69.02;-2.36
2025-07-15;69.1;69.4;68.06;68.85;-0.25
2025-07-16;68.9;69.03;67.19;68.68;-0.25
2025-07-17;68.68;69.61;67.63;68.9;+0.32
2025-07-18;69.56;70.65;68.52;69.21;+0.45
2025-07-21;68.55;69.62;67.88;68.99;-0.32
2025-07-22;69.03;69.1;67.34;67.87;-1.62
2025-07-23;68.72;68.97;67.29;68.67;+1.18
2025-07-24;68.72;69.53;67.76;69.32;+0.95
2025-07-25;68.44;69.89;67.48;67.55;-2.55
2025-07-28;67.63;70.32;67.6;69.56;+2.98
2025-07-29;69.67;72.16;68.28;71.78;+3.19
2025-07-30;71.75;72.82;69.6;72.65;+1.21
2025-07-31;72.6;72.77;69.66;71.81;-1.16
2025-08-01;71.77;71.93;67.79;69.48;-3.24
2025-08-04;68.94;69.98;66.8;68.72;-1.09
2025-08-05;68.75;68.83;66.68;67.68;-1.51
2025-08-06;67.76;69.19;66.04;66.59;-1.61
2025-08-07;65.79;67.5;65.7;66.34;-0.38
2025-08-08;66.38;67.19;64.65;65.88;-0.69
2025-08-11;65.71;67.1;64.86;66.68;+1.21
2025-08-12;66.72;67;65.21;66.11;-0.85
2025-08-13;66.01;66.26;64.5;65.77;-0.51
2025-08-14;65.77;66.98;64.87;66.84;+1.63
2025-08-15;66.8;67.03;64.99;66.16;-1.02
2025-08-18;65.41;66.69;64.64;66.5;+0.51
2025-08-19;66.56;66.58;64.83;65.47;-1.55
2025-08-20;65.61;67.01;65.08;66.95;+2.26
2025-08-21;66.95;67.73;65.9;67.03;+0.12
2025-08-22;67.62;67.98;66.49;67.32;+0.43
2025-08-25;67.37;69.04;66.73;68.19;+1.29
2025-08-26;68.17;68.73;66.27;66.76;-2.10
2025-08-27;67.24;68.1;65.96;67.2;+0.66
2025-08-28;67.11;68.66;66.28;67.67;+0.70
2025-08-29;67.6;68.36;66.73;67.45;-0.33
2025-09-01;67.32;68.25;66.51;68.06;+0.90
2025-09-02;68.06;69.5;66.82;69.12;+1.56
2025-09-03;69.06;69.23;66.93;66.93;-3.17
2025-09-04;67.49;67.49;65.91;66.84;-0.13
2025-09-05;66.84;67.04;64.69;65.23;-2.41
2025-09-08;65.61;67.03;65.17;65.85;+0.95
2025-09-09;66.17;67.39;65.86;66.55;+1.06
2025-09-10;66.44;67.77;66.44;67.57;+1.53
2025-09-11;67.58;67.61;65.97;66.25;-1.95
2025-09-12;66.31;68.15;65.51;66.63;+0.57
2025-09-15;67.22;67.84;66.52;67.45;+1.23
2025-09-16;67.49;68.66;66.77;68.47;+1.51
2025-09-17;68.41;68.59;67.29;67.9;-0.83
2025-09-18;67.89;68.41;66.69;66.98;-1.35
2025-09-19;66.93;67.51;65.85;66;-1.46
2025-09-22;66.13;67.26;65.35;66;0.00
2025-09-23;66.59;68.05;65.52;67.19;+1.80
2025-09-24;67.2;69.34;66.8;69.13;+2.89
2025-09-25;69.09;69.67;67.67;69.58;+0.65
2025-09-26;68.8;70.72;68.27;68.71;-1.25
2025-09-29;68.54;70.13;66.66;66.77;-2.82
2025-09-30;66.78;67.59;65.6;66.05;-1.08
2025-10-01;66.09;66.56;65;65.42;-0.95
2025-10-02;65.4;66.04;63.96;64.27;-1.76
2025-10-03;64.3;65;64.13;64.35;+0.12
2025-10-06;64.82;65.75;64.66;65.43;+1.68
2025-10-07;65.43;65.76;64.52;65.6;+0.26
2025-10-08;65.59;66.49;65.54;65.92;+0.49
2025-10-09;65.91;66.52;64.76;64.94;-1.49
2025-10-10;64.95;65.32;61.93;62.17;-4.27
2025-10-13;62.76;63.93;62.76;63.49;+2.12
2025-10-14;63.53;63.62;61.33;61.93;-2.46
2025-10-15;61.94;63.02;61.64;62.12;+0.31
2025-10-16;62.13;62.75;60.69;60.94;-1.90
2025-10-17;60.93;61.4;60.05;61.33;+0.64
2025-10-20;61.18;61.54;60.06;60.98;-0.57
2025-10-21;60.88;62.09;60.25;61.24;+0.43
2025-10-22;61.24;63.92;61.14;63.16;+3.14
2025-10-23;63.16;66.34;62.69;65.81;+4.20
2025-10-24;65.8;66.77;64.17;65.87;+0.09
2025-10-27;66.26;66.6;63.8;65.06;-1.23
2025-10-28;65.05;65.93;63.06;63.65;-2.17
2025-10-29;63.65;65.38;63.09;64.19;+0.85
2025-10-30;64.18;65.16;63.15;63.96;-0.36
2025-10-31;63.95;65.29;63.37;64.6;+1.00
2025-11-03;64.93;65.31;63.89;64.73;+0.20
2025-11-04;64.74;64.88;63.43;64.34;-0.60
2025-11-05;64.33;64.94;63.19;63.48;-1.34
2025-11-06;63.41;64.33;62.61;63.31;-0.27
2025-11-07;63.32;64.38;63;63.72;+0.65
2025-11-10;63.65;64.31;63.23;63.92;+0.31
2025-11-11;63.92;65.28;63.51;65;+1.69
2025-11-12;64.99;65.21;62.38;62.48;-3.88
2025-11-13;62.47;63.44;62.08;63.05;+0.91
2025-11-14;63.08;64.85;62.48;64.26;+1.92
2025-11-17;63.74;64.68;63.25;63.75;-0.79
2025-11-18;63.74;65.01;63.2;64.97;+1.91
2025-11-19;64.97;65.02;62.44;63.13;-2.83
2025-11-20;63.13;64.36;62.11;63.38;+0.40
2025-11-21;63.37;63.37;61.04;62.47;-1.44
2025-11-24;62;63.41;61.08;62.74;+0.43
2025-11-25;62.74;63.52;60.65;61.68;-1.69
2025-11-26;61.68;63.18;61.28;62.47;+1.28
2025-11-27;62.47;63.16;61.82;62.89;+0.67
2025-11-28;62.82;63.44;62.39;63.25;+0.57
2025-12-01;62.71;63.73;62.36;63.18;-0.11
2025-12-02;63.18;63.43;61.84;62.4;-1.23
2025-12-03;61.99;63.34;61.8;62.58;+0.29
2025-12-04;62.57;63.61;62.17;63.17;+0.94
2025-12-05;63.18;63.99;62.69;63.42;+0.40
2025-12-08;63.66;63.94;62.02;62.29;-1.78
2025-12-09;62.3;62.78;61.57;61.93;-0.58
2025-12-10;61.93;62.4;61.09;62.3;+0.60
2025-12-11;62.32;62.7;60.58;61.32;-1.57
2025-12-12;61.31;61.82;60.62;61.22;-0.16
2025-12-15;60.97;61.47;59.9;60.32;-1.47
2025-12-16;60.31;60.45;58.54;58.74;-2.62
2025-12-17;58.74;60.37;58.54;59.63;+1.52
2025-12-18;59.62;60.72;59.36;59.4;-0.39
2025-12-19;59.41;60.64;59.16;60.17;+1.30
2025-12-22;60.47;62.15;60.32;61.66;+2.48
2025-12-23;61.67;62.16;61.3;61.98;+0.52
2025-12-24;61.97;62.22;61.57;61.81;-0.27
2025-12-25;61.93;62.1;61.57;61.81;0.00
2025-12-26;61.93;62.25;60.16;60.45;-2.20
2025-12-29;60.47;61.71;60.24;61.41;+1.59
2025-12-30;61.41;61.87;60.96;61.3;-0.18
2025-12-31;61.3;61.91;60.62;60.91;-0.64
2026-01-01;60.9;60.91;60.81;60.84;-0.11
2026-01-02;60.77;61.34;59.95;60.79;-0.08
2026-01-05;60.57;61.88;59.68;61.63;+1.38
2026-01-06;61.64;62.27;60.4;60.4;-2.00
2026-01-07;60.39;60.87;59.45;60.04;-0.60
2026-01-08;60.05;62.5;59.8;62.22;+3.63
2026-01-09;62.23;63.91;61.62;63.03;+1.30
2026-01-12;63;64.09;62.48;63.66;+1.00
2026-01-13;63.67;65.85;63.47;65.02;+2.14
2026-01-14;65.01;66.6;64.27;66.37;+2.08
2026-01-15;65.83;66.4;63.11;63.98;-3.60
2026-01-16;63.17;64.74;62.99;63.52;+0.55
2026-01-19;63.09;63.85;62.8;63.21;-0.49
2026-01-20;63.26;63.77;62.86;63.77;+0.24
2026-01-21;63.89;64.55;63.16;64.42;+0.70
2026-01-22;64.45;65.31;63.52;63.76;-1.42
2026-01-23;63.45;65.48;63.37;65.34;+3.04
2026-01-26;65.29;65.76;64.65;65.23;-0.17
2026-01-27;64.99;65.16;64.22;64.78;+0.02
2026-01-28;64.76;67.1;64.71;66.66;+0.45
2026-01-29;66.95;69.18;66.67;68.76;+2.14
2026-01-30;69.46;70.13;67.67;69.81;+0.49
2026-02-02;68.12;68.12;65.33;66.02;-5.43
2026-02-03;66.09;66.48;65.04;66.39;+0.44
2026-02-04;66.43;68.1;66.25;67.09;-0.50
2026-02-05;67.27;69.55;66.85;68.66;+0.54
2026-02-06;67.29;68.79;66.37;67.68;+0.62
2026-02-09;66.96;68.07;66.8;68.04;+0.53
2026-02-10;67.88;69.18;67.34;69.04;+0.55
2026-02-11;68.84;69.87;68.16;69.77;+1.66
2026-02-12;69.84;70.28;68.48;68.73;-0.74
2026-02-13;67.28;68.08;66.62;67.62;0.00
2026-02-16;67.45;67.47;66.88;67.32;-0.44
2026-02-17;67.46;68.55;67.38;68.26;+0.18
2026-02-18;68.04;68.45;66.37;68.44;+2.30
2026-02-19;68.79;71.09;68.51;70.82;+1.37
2026-02-20;71.49;72.36;70.69;71.24;-0.35
2026-02-23;70.66;71.32;70.33;71.31;+0.10
2026-02-24;71.56;72.07;70.88;71.15;-0.07
2026-02-25;71.39;71.9;70.44;70.86;+0.03
2026-02-26;71.27;71.32;69.58;69.84;-1.58
2026-02-27;70.92;73.47;70.37;73.23;+3.24
2026-03-02;80.22;80.22;75.6;78.25;+6.86
2026-03-03;78.98;84.37;76.49;84.08;+8.87
2026-03-04;82.19;84.11;77.83;81.72;+2.43
2026-03-05;80.79;83.5;79.45;82.3;+2.39
2026-03-06;84.55;94.55;81.72;92.86;+9.88
2026-03-09;100.2;114.33;98.67;100.88;+8.64
2026-03-10;100.9;102.59;82.91;90.42;+0.94
2026-03-11;90.16;90.79;80.22;89.18;+1.31
2026-03-12;89.48;98.96;85.97;95.93;+6.67
2026-03-13;99.22;103.84;95.72;101.16;+1.97
2026-03-16;98.91;103.27;98.91;100.43;-0.72
2026-03-17;99.04;101.98;97.06;100.65;+3.15
2026-03-18;99.6;103.86;97.73;101.18;+0.19
2026-03-19;104.61;113.64;102.82;109.06;+3.95
2026-03-20;103.9;108.47;100.46;107.96;+3.91
2026-03-23;106.45;110.32;92.91;102.45;-5.10
2026-03-24;97.58;100.78;93.57;98.82;-0.98
2026-03-25;99.65;101.13;93.62;94.74;-5.35
2026-03-26;95.69;102.06;94.96;102;+3.96
2026-03-27;101.39;106.92;97.01;106.87;+5.46
2026-03-30;110.68;113.42;110.24;111.61;+4.44
2026-03-31;111.05;113.94;105.67;107.06;-4.62
2026-04-01;107.43;111.88;98.93;105.44;-2.66
2026-04-02;106.36;112.91;99.26;112.86;+7.73
2026-04-03;112.96;112.96;105.9;109.1;+0.61
2026-04-06;109.78;112.01;107.17;112.01;+2.67
2026-04-07;112.43;114.36;108;114.05;+4.00
2026-04-08;113.68;114.29;90.11;92.56;-12.24
2026-04-09;95.15;101.38;92.18;100.48;+4.34
2026-04-10;96.36;100.46;94.22;94.48;-2.06